split,model,crop,label,source_image,fold,p_Batch_1,p_Batch_2,p_Batch_3,pred,correct,tau
loso13,A,4ih2ggld,Batch_1,img03,img03,0.4408747153,0.3465396761,0.2125856086,Batch_1,True,0.4216965034
loso13,A,5n1q8atc,Batch_1,img03,img03,0.4740325525,0.3355955368,0.1903719106,Batch_1,True,0.4216965034
loso13,A,f1vzngrs,Batch_1,img08,img08,0.5329227238,0.4253084217,0.04176885447,Batch_1,True,0.4216965034
loso13,A,ffwubibz,Batch_1,img07,img07,0.1477901331,0.5079655574,0.3442443095,Batch_2,False,0.4216965034
loso13,A,fzrt2k6r,Batch_1,img06,img06,0.4493948111,0.3533844957,0.1972206932,Batch_1,True,0.7498942093
loso13,A,iv6g2oq0,Batch_1,img10,img10,0.1146335705,0.7362834883,0.1490829412,Batch_2,False,0.316227766
loso13,A,uhdslk0o,Batch_1,img13,img13,0.4871264627,0.3690673201,0.1438062172,Batch_1,True,0.5623413252
loso13,A,3806gxp0,Batch_2,img02,img02,0.1857507642,0.1133940135,0.7008552223,Batch_3,False,0.316227766
loso13,A,avn74qx1,Batch_2,img02,img02,0.07650230432,0.5974009936,0.326096702,Batch_2,True,0.316227766
loso13,A,b3esycq1,Batch_2,img06,img06,0.3510608578,0.3946947427,0.2542443995,Batch_2,True,0.7498942093
loso13,A,epqdaau9,Batch_2,img08,img08,0.5251194061,0.3860498384,0.0888307555,Batch_1,False,0.4216965034
loso13,A,i9jiqjwl,Batch_2,img09,img09,0.6782396551,0.2560744382,0.0656859067,Batch_1,False,0.4216965034
loso13,A,r17byphk,Batch_2,img07,img07,0.1010104406,0.3484688629,0.5505206965,Batch_3,False,0.4216965034
loso13,A,rxax5ozo,Batch_2,img12,img12,0.26554299,0.2675267369,0.4669302731,Batch_3,False,0.5623413252
loso13,A,0grcilhi,Batch_3,img01,img01,0.04675801531,0.2418575435,0.7113844412,Batch_3,True,0.4216965034
loso13,A,71vgq3fw,Batch_3,img04,img04,0.2466347239,0.3070979104,0.4462673657,Batch_3,True,1
loso13,A,9luzk4jm,Batch_3,img05,img05,0.1427808002,0.3853487684,0.4718704314,Batch_3,True,0.4216965034
loso13,A,cfe5vt7s,Batch_3,img07,img07,0.07444128555,0.2126448398,0.7129138746,Batch_3,True,0.4216965034
loso13,A,hawkfj64,Batch_3,img01,img01,0.06713686914,0.2352680084,0.6975951224,Batch_3,True,0.4216965034
loso13,A,hzumfsms,Batch_3,img05,img05,0.1565884544,0.3943933998,0.4490181458,Batch_3,True,0.4216965034
loso13,A,kbdh4tri,Batch_3,img04,img04,0.2156946261,0.3115219216,0.4727834522,Batch_3,True,1
loso13,A,mgxahqnk,Batch_3,img01,img01,0.06768382709,0.3178027014,0.6145134715,Batch_3,True,0.4216965034
loso13,A,pl8uabbv,Batch_3,img09,img09,0.6629254616,0.283666065,0.05340847344,Batch_1,False,0.4216965034
loso13,A,ptg8lmto,Batch_3,img11,img11,0.1544100206,0.277586111,0.5680038684,Batch_3,True,0.7498942093
loso13,A,tuy3zymq,Batch_3,img04,img04,0.1923081937,0.2770441616,0.5306476447,Batch_3,True,1
loso13,A,ufdvpb81,Batch_3,img05,img05,0.2496907715,0.4954276196,0.254881609,Batch_2,False,0.4216965034
loso13,A,utfgcjfa,Batch_3,img12,img12,0.1905715715,0.2334904642,0.5759379643,Batch_3,True,0.5623413252
loso13,A,vc2whyaq,Batch_3,img12,img12,0.2679809305,0.3690258077,0.3629932617,Batch_2,False,0.5623413252
loso13,A,x77cy643,Batch_3,img12,img12,0.1647423239,0.1798761486,0.6553815275,Batch_3,True,0.5623413252
loso13,A,x7u69zsw,Batch_3,img04,img04,0.237656044,0.2923426302,0.4700013258,Batch_3,True,1
loso13,A,xgj4xftb,Batch_3,img11,img11,0.1231287261,0.2576488713,0.6192224026,Batch_3,True,0.7498942093
loso13,uniform_A,4ih2ggld,Batch_1,img03,img03,0.3916594028,0.2842416873,0.3240989099,Batch_1,True,0.2371373706
loso13,uniform_A,5n1q8atc,Batch_1,img03,img03,0.4838567126,0.2575617356,0.2585815518,Batch_1,True,0.2371373706
loso13,uniform_A,f1vzngrs,Batch_1,img08,img08,0.4858277646,0.2838941898,0.2302780456,Batch_1,True,0.316227766
loso13,uniform_A,ffwubibz,Batch_1,img07,img07,0.3277975408,0.4782703004,0.1939321588,Batch_2,False,0.316227766
loso13,uniform_A,fzrt2k6r,Batch_1,img06,img06,0.5407945846,0.3483900624,0.110815353,Batch_1,True,0.2371373706
loso13,uniform_A,iv6g2oq0,Batch_1,img10,img10,0.09554455671,0.7534967521,0.1509586912,Batch_2,False,0.2371373706
loso13,uniform_A,uhdslk0o,Batch_1,img13,img13,0.4697332439,0.3396182925,0.1906484636,Batch_1,True,0.316227766
loso13,uniform_A,3806gxp0,Batch_2,img02,img02,0.1502366119,0.3765446592,0.4732187289,Batch_3,False,0.2371373706
loso13,uniform_A,avn74qx1,Batch_2,img02,img02,0.1196670198,0.5431723303,0.3371606499,Batch_2,True,0.2371373706
loso13,uniform_A,b3esycq1,Batch_2,img06,img06,0.6426838802,0.2214597388,0.1358563809,Batch_1,False,0.2371373706
loso13,uniform_A,epqdaau9,Batch_2,img08,img08,0.3960940138,0.3428072423,0.2610987438,Batch_1,False,0.316227766
loso13,uniform_A,i9jiqjwl,Batch_2,img09,img09,0.6641549587,0.2273858076,0.1084592337,Batch_1,False,0.2371373706
loso13,uniform_A,r17byphk,Batch_2,img07,img07,0.197946353,0.5358354589,0.2662181881,Batch_2,True,0.316227766
loso13,uniform_A,rxax5ozo,Batch_2,img12,img12,0.158264411,0.352212588,0.489523001,Batch_3,False,0.316227766
loso13,uniform_A,0grcilhi,Batch_3,img01,img01,0.08842100173,0.257023584,0.6545554143,Batch_3,True,0.316227766
loso13,uniform_A,71vgq3fw,Batch_3,img04,img04,0.1550341222,0.1592885092,0.6856773686,Batch_3,True,0.316227766
loso13,uniform_A,9luzk4jm,Batch_3,img05,img05,0.3322486225,0.4982762868,0.1694750908,Batch_2,False,0.2371373706
loso13,uniform_A,cfe5vt7s,Batch_3,img07,img07,0.2451705783,0.4259210205,0.3289084012,Batch_2,False,0.316227766
loso13,uniform_A,hawkfj64,Batch_3,img01,img01,0.1043586206,0.2547366987,0.6409046808,Batch_3,True,0.316227766
loso13,uniform_A,hzumfsms,Batch_3,img05,img05,0.3759473336,0.4792986351,0.1447540313,Batch_2,False,0.2371373706
loso13,uniform_A,kbdh4tri,Batch_3,img04,img04,0.1595231634,0.1793872918,0.6610895448,Batch_3,True,0.316227766
loso13,uniform_A,mgxahqnk,Batch_3,img01,img01,0.08030121431,0.2931560027,0.626542783,Batch_3,True,0.316227766
loso13,uniform_A,pl8uabbv,Batch_3,img09,img09,0.6057831212,0.2457020242,0.1485148545,Batch_1,False,0.2371373706
loso13,uniform_A,ptg8lmto,Batch_3,img11,img11,0.1716556551,0.2214523025,0.6068920423,Batch_3,True,0.316227766
loso13,uniform_A,tuy3zymq,Batch_3,img04,img04,0.125296641,0.1756466525,0.6990567065,Batch_3,True,0.316227766
loso13,uniform_A,ufdvpb81,Batch_3,img05,img05,0.3464918372,0.5556196077,0.09788855509,Batch_2,False,0.2371373706
loso13,uniform_A,utfgcjfa,Batch_3,img12,img12,0.1243264782,0.2567288279,0.6189446939,Batch_3,True,0.316227766
loso13,uniform_A,vc2whyaq,Batch_3,img12,img12,0.1340360917,0.6232167269,0.2427471814,Batch_2,False,0.316227766
loso13,uniform_A,x77cy643,Batch_3,img12,img12,0.1433893868,0.2808410143,0.5757695989,Batch_3,True,0.316227766
loso13,uniform_A,x7u69zsw,Batch_3,img04,img04,0.1768084799,0.1774515415,0.6457399786,Batch_3,True,0.316227766
loso13,uniform_A,xgj4xftb,Batch_3,img11,img11,0.06414603778,0.1433612448,0.7924927174,Batch_3,True,0.316227766
loso13,B,4ih2ggld,Batch_1,img03,img03,0.3705961028,0.3528164798,0.2765874174,Batch_1,True,0.4216965034
loso13,B,5n1q8atc,Batch_1,img03,img03,0.3840324036,0.4478002888,0.1681673077,Batch_2,False,0.4216965034
loso13,B,f1vzngrs,Batch_1,img08,img08,0.4541533199,0.5201510683,0.02569561172,Batch_2,False,0.4216965034
loso13,B,ffwubibz,Batch_1,img07,img07,0.082185366,0.4900588781,0.4277557559,Batch_2,False,0.4216965034
loso13,B,fzrt2k6r,Batch_1,img06,img06,0.4165908753,0.3950304528,0.1883786719,Batch_1,True,0.5623413252
loso13,B,iv6g2oq0,Batch_1,img10,img10,0.09054436169,0.8063088915,0.1031467468,Batch_2,False,0.316227766
loso13,B,uhdslk0o,Batch_1,img13,img13,0.4300622572,0.3813606563,0.1885770864,Batch_1,True,0.5623413252
loso13,B,3806gxp0,Batch_2,img02,img02,0.1972741281,0.08754595263,0.7151799193,Batch_3,False,0.316227766
loso13,B,avn74qx1,Batch_2,img02,img02,0.09180993028,0.7302898326,0.1779002372,Batch_2,True,0.316227766
loso13,B,b3esycq1,Batch_2,img06,img06,0.3674816724,0.4273986614,0.2051196663,Batch_2,True,0.5623413252
loso13,B,epqdaau9,Batch_2,img08,img08,0.3854161591,0.5598686393,0.05471520163,Batch_2,True,0.4216965034
loso13,B,i9jiqjwl,Batch_2,img09,img09,0.6033560717,0.295380199,0.1012637294,Batch_1,False,0.5623413252
loso13,B,r17byphk,Batch_2,img07,img07,0.04652380376,0.3385694733,0.6149067229,Batch_3,False,0.4216965034
loso13,B,rxax5ozo,Batch_2,img12,img12,0.3295872901,0.3113429619,0.359069748,Batch_3,False,0.4216965034
loso13,B,0grcilhi,Batch_3,img01,img01,0.05367111741,0.2430470523,0.7032818302,Batch_3,True,0.4216965034
loso13,B,71vgq3fw,Batch_3,img04,img04,0.1526478848,0.265720909,0.5816312062,Batch_3,True,0.7498942093
loso13,B,9luzk4jm,Batch_3,img05,img05,0.1933930339,0.3952044334,0.4114025327,Batch_3,True,0.5623413252
loso13,B,cfe5vt7s,Batch_3,img07,img07,0.06237119514,0.1841250571,0.7535037477,Batch_3,True,0.4216965034
loso13,B,hawkfj64,Batch_3,img01,img01,0.07804364332,0.2440345643,0.6779217923,Batch_3,True,0.4216965034
loso13,B,hzumfsms,Batch_3,img05,img05,0.211372245,0.4109742789,0.3776534761,Batch_2,False,0.5623413252
loso13,B,kbdh4tri,Batch_3,img04,img04,0.1282887849,0.2484146052,0.6232966098,Batch_3,True,0.7498942093
loso13,B,mgxahqnk,Batch_3,img01,img01,0.09239384989,0.3314442822,0.5761618679,Batch_3,True,0.4216965034
loso13,B,pl8uabbv,Batch_3,img09,img09,0.3804268835,0.3775469912,0.2420261253,Batch_1,False,0.5623413252
loso13,B,ptg8lmto,Batch_3,img11,img11,0.0819425799,0.2176781887,0.7003792314,Batch_3,True,0.4216965034
loso13,B,tuy3zymq,Batch_3,img04,img04,0.1062073867,0.1994117,0.6943809133,Batch_3,True,0.7498942093
loso13,B,ufdvpb81,Batch_3,img05,img05,0.3557922891,0.4631562744,0.1810514364,Batch_2,False,0.5623413252
loso13,B,utfgcjfa,Batch_3,img12,img12,0.2165838611,0.2608249113,0.5225912276,Batch_3,True,0.4216965034
loso13,B,vc2whyaq,Batch_3,img12,img12,0.2577966929,0.4365970608,0.3056062464,Batch_2,False,0.4216965034
loso13,B,x77cy643,Batch_3,img12,img12,0.2078896087,0.1435557775,0.6485546138,Batch_3,True,0.4216965034
loso13,B,x7u69zsw,Batch_3,img04,img04,0.1503150483,0.2320469103,0.6176380414,Batch_3,True,0.7498942093
loso13,B,xgj4xftb,Batch_3,img11,img11,0.04881052524,0.1425632524,0.8086262224,Batch_3,True,0.4216965034
loso13,uniform_B,4ih2ggld,Batch_1,img03,img03,0.3577242601,0.2781360219,0.364139718,Batch_3,False,0.316227766
loso13,uniform_B,5n1q8atc,Batch_1,img03,img03,0.4271650611,0.2888262501,0.2840086888,Batch_1,True,0.316227766
loso13,uniform_B,f1vzngrs,Batch_1,img08,img08,0.4291977524,0.3125181119,0.2582841357,Batch_1,True,0.4216965034
loso13,uniform_B,ffwubibz,Batch_1,img07,img07,0.3007645531,0.4998292377,0.1994062092,Batch_2,False,0.316227766
loso13,uniform_B,fzrt2k6r,Batch_1,img06,img06,0.413769229,0.3995067496,0.1867240214,Batch_1,True,0.316227766
loso13,uniform_B,iv6g2oq0,Batch_1,img10,img10,0.0721850026,0.7730389642,0.1547760332,Batch_2,False,0.2371373706
loso13,uniform_B,uhdslk0o,Batch_1,img13,img13,0.4573912889,0.3201297801,0.222478931,Batch_1,True,0.316227766
loso13,uniform_B,3806gxp0,Batch_2,img02,img02,0.1665121148,0.3071790161,0.5263088691,Batch_3,False,0.2371373706
loso13,uniform_B,avn74qx1,Batch_2,img02,img02,0.1373309279,0.5467678706,0.3159012014,Batch_2,True,0.2371373706
loso13,uniform_B,b3esycq1,Batch_2,img06,img06,0.5671770912,0.2589438157,0.1738790932,Batch_1,False,0.316227766
loso13,uniform_B,epqdaau9,Batch_2,img08,img08,0.3574004518,0.3642328388,0.2783667093,Batch_2,True,0.4216965034
loso13,uniform_B,i9jiqjwl,Batch_2,img09,img09,0.5926512647,0.2597624316,0.1475863037,Batch_1,False,0.316227766
loso13,uniform_B,r17byphk,Batch_2,img07,img07,0.1648802587,0.5316227536,0.3034969877,Batch_2,True,0.316227766
loso13,uniform_B,rxax5ozo,Batch_2,img12,img12,0.2195740858,0.3661978482,0.414228066,Batch_3,False,0.4216965034
loso13,uniform_B,0grcilhi,Batch_3,img01,img01,0.08457528514,0.2575662109,0.6578585039,Batch_3,True,0.316227766
loso13,uniform_B,71vgq3fw,Batch_3,img04,img04,0.186909075,0.1949407034,0.6181502216,Batch_3,True,0.4216965034
loso13,uniform_B,9luzk4jm,Batch_3,img05,img05,0.3785422613,0.4612526483,0.1602050905,Batch_2,False,0.2371373706
loso13,uniform_B,cfe5vt7s,Batch_3,img07,img07,0.2531401518,0.4058217915,0.3410380567,Batch_2,False,0.316227766
loso13,uniform_B,hawkfj64,Batch_3,img01,img01,0.1218032843,0.2825238875,0.5956728282,Batch_3,True,0.316227766
loso13,uniform_B,hzumfsms,Batch_3,img05,img05,0.4172184555,0.4601076792,0.1226738653,Batch_2,False,0.2371373706
loso13,uniform_B,kbdh4tri,Batch_3,img04,img04,0.1981311082,0.2108078601,0.5910610316,Batch_3,True,0.4216965034
loso13,uniform_B,mgxahqnk,Batch_3,img01,img01,0.09993140689,0.3093158965,0.5907526966,Batch_3,True,0.316227766
loso13,uniform_B,pl8uabbv,Batch_3,img09,img09,0.476903031,0.2943169977,0.2287799713,Batch_1,False,0.316227766
loso13,uniform_B,ptg8lmto,Batch_3,img11,img11,0.1810622528,0.2203486506,0.5985890966,Batch_3,True,0.316227766
loso13,uniform_B,tuy3zymq,Batch_3,img04,img04,0.1632003567,0.2101563541,0.6266432892,Batch_3,True,0.4216965034
loso13,uniform_B,ufdvpb81,Batch_3,img05,img05,0.4274386896,0.4984215551,0.07413975529,Batch_2,False,0.2371373706
loso13,uniform_B,utfgcjfa,Batch_3,img12,img12,0.1895202533,0.3059760533,0.5045036934,Batch_3,True,0.4216965034
loso13,uniform_B,vc2whyaq,Batch_3,img12,img12,0.1808320751,0.5315564748,0.2876114501,Batch_2,False,0.4216965034
loso13,uniform_B,x77cy643,Batch_3,img12,img12,0.212869111,0.2940058534,0.4931250356,Batch_3,True,0.4216965034
loso13,uniform_B,x7u69zsw,Batch_3,img04,img04,0.2064305625,0.2052651931,0.5883042444,Batch_3,True,0.4216965034
loso13,uniform_B,xgj4xftb,Batch_3,img11,img11,0.07303688422,0.1303220393,0.7966410765,Batch_3,True,0.316227766
loso13,acquisition,4ih2ggld,Batch_1,img03,img03,0.7293739213,0.2617789573,0.008847121352,Batch_1,True,0.2371373706
loso13,acquisition,5n1q8atc,Batch_1,img03,img03,0.7520516856,0.2365637046,0.01138460979,Batch_1,True,0.2371373706
loso13,acquisition,f1vzngrs,Batch_1,img08,img08,0.4996833552,0.4340386272,0.06627801757,Batch_1,True,0.316227766
loso13,acquisition,ffwubibz,Batch_1,img07,img07,0.6560135214,0.2705673803,0.07341909823,Batch_1,True,0.316227766
loso13,acquisition,fzrt2k6r,Batch_1,img06,img06,0.9208923765,0.06516781052,0.01393981297,Batch_1,True,0.177827941
loso13,acquisition,iv6g2oq0,Batch_1,img10,img10,0.6318477433,0.3599130301,0.008239226597,Batch_1,True,0.2371373706
loso13,acquisition,uhdslk0o,Batch_1,img13,img13,0.6553564078,0.3080595835,0.03658400876,Batch_1,True,0.316227766
loso13,acquisition,3806gxp0,Batch_2,img02,img02,0.2892896902,0.6302737863,0.08043652354,Batch_2,True,0.316227766
loso13,acquisition,avn74qx1,Batch_2,img02,img02,0.3569582338,0.5483186618,0.09472310438,Batch_2,True,0.316227766
loso13,acquisition,b3esycq1,Batch_2,img06,img06,0.9155140809,0.04151869699,0.04296722213,Batch_1,False,0.177827941
loso13,acquisition,epqdaau9,Batch_2,img08,img08,0.4325297335,0.492371545,0.07509872153,Batch_2,True,0.316227766
loso13,acquisition,i9jiqjwl,Batch_2,img09,img09,0.5165904102,0.4685063075,0.01490328234,Batch_1,False,0.2371373706
loso13,acquisition,r17byphk,Batch_2,img07,img07,0.5228013861,0.3381159458,0.139082668,Batch_1,False,0.316227766
loso13,acquisition,rxax5ozo,Batch_2,img12,img12,0.07966136148,0.354806408,0.5655322305,Batch_3,False,0.316227766
loso13,acquisition,0grcilhi,Batch_3,img01,img01,0.04858957902,0.1528701565,0.7985402645,Batch_3,True,0.316227766
loso13,acquisition,71vgq3fw,Batch_3,img04,img04,0.1195421597,0.2067840709,0.6736737693,Batch_3,True,0.4216965034
loso13,acquisition,9luzk4jm,Batch_3,img05,img05,0.1730093855,0.323567147,0.5034234675,Batch_3,True,0.4216965034
loso13,acquisition,cfe5vt7s,Batch_3,img07,img07,0.5576937275,0.2947980341,0.1475082383,Batch_1,False,0.316227766
loso13,acquisition,hawkfj64,Batch_3,img01,img01,0.04384606275,0.1475472143,0.8086067229,Batch_3,True,0.316227766
loso13,acquisition,hzumfsms,Batch_3,img05,img05,0.1766899681,0.3195315649,0.503778467,Batch_3,True,0.4216965034
loso13,acquisition,kbdh4tri,Batch_3,img04,img04,0.1252297949,0.1946482362,0.6801219689,Batch_3,True,0.4216965034
loso13,acquisition,mgxahqnk,Batch_3,img01,img01,0.03667163984,0.1370994203,0.8262289399,Batch_3,True,0.316227766
loso13,acquisition,pl8uabbv,Batch_3,img09,img09,0.5941232019,0.3997631526,0.006113645431,Batch_1,False,0.2371373706
loso13,acquisition,ptg8lmto,Batch_3,img11,img11,0.2119006134,0.3724913411,0.4156080456,Batch_3,True,0.4216965034
loso13,acquisition,tuy3zymq,Batch_3,img04,img04,0.1066721704,0.1873630926,0.705964737,Batch_3,True,0.4216965034
loso13,acquisition,ufdvpb81,Batch_3,img05,img05,0.2317918637,0.3366366868,0.4315714495,Batch_3,True,0.4216965034
loso13,acquisition,utfgcjfa,Batch_3,img12,img12,0.04763666308,0.1934423965,0.7589209404,Batch_3,True,0.316227766
loso13,acquisition,vc2whyaq,Batch_3,img12,img12,0.1598185675,0.5955735588,0.2446078737,Batch_2,False,0.316227766
loso13,acquisition,x77cy643,Batch_3,img12,img12,0.06182477694,0.2667256514,0.6714495717,Batch_3,True,0.316227766
loso13,acquisition,x7u69zsw,Batch_3,img04,img04,0.1175667006,0.1874297135,0.6950035858,Batch_3,True,0.4216965034
loso13,acquisition,xgj4xftb,Batch_3,img11,img11,0.2263061885,0.2704020534,0.5032917581,Batch_3,True,0.4216965034
loso13,dinov2s_legacy,4ih2ggld,Batch_1,img03,img03,0.2537330159,0.3806796186,0.3655873655,Batch_2,False,0.4216965034
loso13,dinov2s_legacy,5n1q8atc,Batch_1,img03,img03,0.3005813588,0.3961417986,0.3032768425,Batch_2,False,0.4216965034
loso13,dinov2s_legacy,f1vzngrs,Batch_1,img08,img08,0.4254225676,0.3275355167,0.2470419156,Batch_1,True,0.4216965034
loso13,dinov2s_legacy,ffwubibz,Batch_1,img07,img07,0.2447728783,0.5147238124,0.2405033092,Batch_2,False,0.316227766
loso13,dinov2s_legacy,fzrt2k6r,Batch_1,img06,img06,0.2058253065,0.47978088,0.3143938135,Batch_2,False,0.316227766
loso13,dinov2s_legacy,iv6g2oq0,Batch_1,img10,img10,0.2160263638,0.6307595475,0.1532140887,Batch_2,False,0.316227766
loso13,dinov2s_legacy,uhdslk0o,Batch_1,img13,img13,0.40964335,0.3627607267,0.2275959233,Batch_1,True,0.4216965034
loso13,dinov2s_legacy,3806gxp0,Batch_2,img02,img02,0.3314122421,0.3783784797,0.2902092782,Batch_2,True,0.4216965034
loso13,dinov2s_legacy,avn74qx1,Batch_2,img02,img02,0.3447689435,0.3643371493,0.2908939072,Batch_2,True,0.4216965034
loso13,dinov2s_legacy,b3esycq1,Batch_2,img06,img06,0.5053934498,0.2086973897,0.2859091606,Batch_1,False,0.316227766
loso13,dinov2s_legacy,epqdaau9,Batch_2,img08,img08,0.541167394,0.2942881957,0.1645444104,Batch_1,False,0.4216965034
loso13,dinov2s_legacy,i9jiqjwl,Batch_2,img09,img09,0.4572921557,0.3285266078,0.2141812365,Batch_1,False,0.4216965034
loso13,dinov2s_legacy,r17byphk,Batch_2,img07,img07,0.1020268669,0.2061026405,0.6918704926,Batch_3,False,0.316227766
loso13,dinov2s_legacy,rxax5ozo,Batch_2,img12,img12,0.3051475949,0.3885453495,0.3063070556,Batch_2,True,1.333521432
loso13,dinov2s_legacy,0grcilhi,Batch_3,img01,img01,0.1912630363,0.4165007775,0.3922361862,Batch_2,False,0.316227766
loso13,dinov2s_legacy,71vgq3fw,Batch_3,img04,img04,0.3286395055,0.3274115114,0.3439489831,Batch_3,True,10
loso13,dinov2s_legacy,9luzk4jm,Batch_3,img05,img05,0.2908247412,0.3693680939,0.3398071649,Batch_2,False,0.7498942093
loso13,dinov2s_legacy,cfe5vt7s,Batch_3,img07,img07,0.09141660201,0.2172707635,0.6913126345,Batch_3,True,0.316227766
loso13,dinov2s_legacy,hawkfj64,Batch_3,img01,img01,0.3693542497,0.3063441616,0.3243015887,Batch_1,False,0.316227766
loso13,dinov2s_legacy,hzumfsms,Batch_3,img05,img05,0.2992254716,0.3588677315,0.341906797,Batch_2,False,0.7498942093
loso13,dinov2s_legacy,kbdh4tri,Batch_3,img04,img04,0.3277725604,0.3273239052,0.3449035344,Batch_3,True,10
loso13,dinov2s_legacy,mgxahqnk,Batch_3,img01,img01,0.410104952,0.4334683547,0.1564266932,Batch_2,False,0.316227766
loso13,dinov2s_legacy,pl8uabbv,Batch_3,img09,img09,0.3768774919,0.3207921716,0.3023303366,Batch_1,False,0.4216965034
loso13,dinov2s_legacy,ptg8lmto,Batch_3,img11,img11,0.2150985301,0.2860348586,0.4988666113,Batch_3,True,0.7498942093
loso13,dinov2s_legacy,tuy3zymq,Batch_3,img04,img04,0.3261271852,0.3276034329,0.3462693819,Batch_3,True,10
loso13,dinov2s_legacy,ufdvpb81,Batch_3,img05,img05,0.3191618398,0.4048133065,0.2760248536,Batch_2,False,0.7498942093
loso13,dinov2s_legacy,utfgcjfa,Batch_3,img12,img12,0.2836368256,0.3772235649,0.3391396095,Batch_2,False,1.333521432
loso13,dinov2s_legacy,vc2whyaq,Batch_3,img12,img12,0.2876126334,0.3656339655,0.3467534011,Batch_2,False,1.333521432
loso13,dinov2s_legacy,x77cy643,Batch_3,img12,img12,0.2833187746,0.3783622145,0.3383190109,Batch_2,False,1.333521432
loso13,dinov2s_legacy,x7u69zsw,Batch_3,img04,img04,0.3318200855,0.3253078567,0.3428720578,Batch_3,True,10
loso13,dinov2s_legacy,xgj4xftb,Batch_3,img11,img11,0.2541393427,0.2401754102,0.5056852472,Batch_3,True,0.7498942093
loso13,family:emb_convnextb,4ih2ggld,Batch_1,img03,img03,0.2098084027,0.3558041188,0.4343874785,Batch_3,False,
loso13,family:emb_convnextb,5n1q8atc,Batch_1,img03,img03,0.2889510793,0.3294745647,0.3815743559,Batch_3,False,
loso13,family:emb_convnextb,f1vzngrs,Batch_1,img08,img08,0.5644158356,0.3207465735,0.1148375909,Batch_1,True,
loso13,family:emb_convnextb,ffwubibz,Batch_1,img07,img07,0.4280081379,0.3936952878,0.1782965743,Batch_1,True,
loso13,family:emb_convnextb,fzrt2k6r,Batch_1,img06,img06,0.3666547569,0.3501968674,0.2831483756,Batch_1,True,
loso13,family:emb_convnextb,iv6g2oq0,Batch_1,img10,img10,0.2714611915,0.4825000376,0.2460387709,Batch_2,False,
loso13,family:emb_convnextb,uhdslk0o,Batch_1,img13,img13,0.4165186456,0.3428721429,0.2406092115,Batch_1,True,
loso13,family:emb_convnextb,3806gxp0,Batch_2,img02,img02,0.2480366757,0.4966669302,0.2552963941,Batch_2,True,
loso13,family:emb_convnextb,avn74qx1,Batch_2,img02,img02,0.315972561,0.4851241048,0.1989033342,Batch_2,True,
loso13,family:emb_convnextb,b3esycq1,Batch_2,img06,img06,0.4125659997,0.3373804517,0.2500535486,Batch_1,False,
loso13,family:emb_convnextb,epqdaau9,Batch_2,img08,img08,0.4302410007,0.4098905526,0.1598684467,Batch_1,False,
loso13,family:emb_convnextb,i9jiqjwl,Batch_2,img09,img09,0.4560055515,0.3905405404,0.1534539081,Batch_1,False,
loso13,family:emb_convnextb,r17byphk,Batch_2,img07,img07,0.3175175622,0.3818391374,0.3006433004,Batch_2,True,
loso13,family:emb_convnextb,rxax5ozo,Batch_2,img12,img12,0.3382141212,0.3188225746,0.3429633042,Batch_3,False,
loso13,family:emb_convnextb,0grcilhi,Batch_3,img01,img01,0.2341018925,0.1590946849,0.6068034226,Batch_3,True,
loso13,family:emb_convnextb,71vgq3fw,Batch_3,img04,img04,0.1802937418,0.1411652605,0.6785409978,Batch_3,True,
loso13,family:emb_convnextb,9luzk4jm,Batch_3,img05,img05,0.25919411,0.2279166313,0.5128892588,Batch_3,True,
loso13,family:emb_convnextb,cfe5vt7s,Batch_3,img07,img07,0.2901905539,0.3649904804,0.3448189657,Batch_2,False,
loso13,family:emb_convnextb,hawkfj64,Batch_3,img01,img01,0.1827841606,0.2067233841,0.6104924554,Batch_3,True,
loso13,family:emb_convnextb,hzumfsms,Batch_3,img05,img05,0.3442479904,0.1984315301,0.4573204795,Batch_3,True,
loso13,family:emb_convnextb,kbdh4tri,Batch_3,img04,img04,0.1498423679,0.1571792681,0.692978364,Batch_3,True,
loso13,family:emb_convnextb,mgxahqnk,Batch_3,img01,img01,0.1366459422,0.2923801407,0.5709739172,Batch_3,True,
loso13,family:emb_convnextb,pl8uabbv,Batch_3,img09,img09,0.4443329272,0.3349010571,0.2207660157,Batch_1,False,
loso13,family:emb_convnextb,ptg8lmto,Batch_3,img11,img11,0.1893307911,0.3198857599,0.490783449,Batch_3,True,
loso13,family:emb_convnextb,tuy3zymq,Batch_3,img04,img04,0.1158198476,0.1416792077,0.7425009447,Batch_3,True,
loso13,family:emb_convnextb,ufdvpb81,Batch_3,img05,img05,0.2892052926,0.3439676859,0.3668270214,Batch_3,True,
loso13,family:emb_convnextb,utfgcjfa,Batch_3,img12,img12,0.3247820321,0.2621534703,0.4130644976,Batch_3,True,
loso13,family:emb_convnextb,vc2whyaq,Batch_3,img12,img12,0.2493626307,0.3592612278,0.3913761414,Batch_3,True,
loso13,family:emb_convnextb,x77cy643,Batch_3,img12,img12,0.2883268996,0.25913586,0.4525372404,Batch_3,True,
loso13,family:emb_convnextb,x7u69zsw,Batch_3,img04,img04,0.1437378185,0.1474777572,0.7087844244,Batch_3,True,
loso13,family:emb_convnextb,xgj4xftb,Batch_3,img11,img11,0.1626085221,0.2432675803,0.5941238976,Batch_3,True,
loso13,family:emb_dinov2l,4ih2ggld,Batch_1,img03,img03,0.2831113419,0.3920930801,0.3247955781,Batch_2,False,
loso13,family:emb_dinov2l,5n1q8atc,Batch_1,img03,img03,0.4112546946,0.3539806825,0.2347646229,Batch_1,True,
loso13,family:emb_dinov2l,f1vzngrs,Batch_1,img08,img08,0.4597166174,0.4439944721,0.09628891056,Batch_1,True,
loso13,family:emb_dinov2l,ffwubibz,Batch_1,img07,img07,0.3494109775,0.4446143896,0.2059746328,Batch_2,False,
loso13,family:emb_dinov2l,fzrt2k6r,Batch_1,img06,img06,0.422838819,0.3307655991,0.2463955819,Batch_1,True,
loso13,family:emb_dinov2l,iv6g2oq0,Batch_1,img10,img10,0.2687274837,0.495173095,0.2360994213,Batch_2,False,
loso13,family:emb_dinov2l,uhdslk0o,Batch_1,img13,img13,0.4560901476,0.3534451223,0.1904647301,Batch_1,True,
loso13,family:emb_dinov2l,3806gxp0,Batch_2,img02,img02,0.3229278906,0.4184691839,0.2586029255,Batch_2,True,
loso13,family:emb_dinov2l,avn74qx1,Batch_2,img02,img02,0.2849102738,0.4962899962,0.2187997299,Batch_2,True,
loso13,family:emb_dinov2l,b3esycq1,Batch_2,img06,img06,0.4415704884,0.3019639761,0.2564655355,Batch_1,False,
loso13,family:emb_dinov2l,epqdaau9,Batch_2,img08,img08,0.3931956799,0.4568539071,0.149950413,Batch_2,True,
loso13,family:emb_dinov2l,i9jiqjwl,Batch_2,img09,img09,0.5587679299,0.2777249831,0.163507087,Batch_1,False,
loso13,family:emb_dinov2l,r17byphk,Batch_2,img07,img07,0.2445769708,0.3540688563,0.4013541728,Batch_3,False,
loso13,family:emb_dinov2l,rxax5ozo,Batch_2,img12,img12,0.2572179743,0.3952525592,0.3475294666,Batch_2,True,
loso13,family:emb_dinov2l,0grcilhi,Batch_3,img01,img01,0.1202241445,0.2498043879,0.6299714676,Batch_3,True,
loso13,family:emb_dinov2l,71vgq3fw,Batch_3,img04,img04,0.1627599141,0.1317306967,0.7055093891,Batch_3,True,
loso13,family:emb_dinov2l,9luzk4jm,Batch_3,img05,img05,0.1941269129,0.2626361811,0.5432369059,Batch_3,True,
loso13,family:emb_dinov2l,cfe5vt7s,Batch_3,img07,img07,0.2383613138,0.3557560087,0.4058826775,Batch_3,True,
loso13,family:emb_dinov2l,hawkfj64,Batch_3,img01,img01,0.1516075408,0.2676862498,0.5807062094,Batch_3,True,
loso13,family:emb_dinov2l,hzumfsms,Batch_3,img05,img05,0.2058825335,0.2609886343,0.5331288322,Batch_3,True,
loso13,family:emb_dinov2l,kbdh4tri,Batch_3,img04,img04,0.1332272555,0.1326677539,0.7341049906,Batch_3,True,
loso13,family:emb_dinov2l,mgxahqnk,Batch_3,img01,img01,0.1493437912,0.3144482125,0.5362079963,Batch_3,True,
loso13,family:emb_dinov2l,pl8uabbv,Batch_3,img09,img09,0.4437968563,0.2904395872,0.2657635564,Batch_1,False,
loso13,family:emb_dinov2l,ptg8lmto,Batch_3,img11,img11,0.1671878357,0.2433157793,0.589496385,Batch_3,True,
loso13,family:emb_dinov2l,tuy3zymq,Batch_3,img04,img04,0.09414750242,0.1189561115,0.7868963861,Batch_3,True,
loso13,family:emb_dinov2l,ufdvpb81,Batch_3,img05,img05,0.3391297672,0.3419989559,0.3188712769,Batch_2,False,
loso13,family:emb_dinov2l,utfgcjfa,Batch_3,img12,img12,0.2023961438,0.3546309843,0.4429728719,Batch_3,True,
loso13,family:emb_dinov2l,vc2whyaq,Batch_3,img12,img12,0.1952342216,0.4253170869,0.3794486915,Batch_2,False,
loso13,family:emb_dinov2l,x77cy643,Batch_3,img12,img12,0.165385364,0.3700948342,0.4645198018,Batch_3,True,
loso13,family:emb_dinov2l,x7u69zsw,Batch_3,img04,img04,0.1549015395,0.1354442623,0.7096541982,Batch_3,True,
loso13,family:emb_dinov2l,xgj4xftb,Batch_3,img11,img11,0.1326890739,0.1782736822,0.6890372439,Batch_3,True,
loso13,family:emb_dinov3l,4ih2ggld,Batch_1,img03,img03,0.2962948787,0.3684533224,0.3352517989,Batch_2,False,
loso13,family:emb_dinov3l,5n1q8atc,Batch_1,img03,img03,0.400192396,0.3666240401,0.233183564,Batch_1,True,
loso13,family:emb_dinov3l,f1vzngrs,Batch_1,img08,img08,0.5172132294,0.3863302078,0.09645656284,Batch_1,True,
loso13,family:emb_dinov3l,ffwubibz,Batch_1,img07,img07,0.3575107395,0.419357401,0.2231318595,Batch_2,False,
loso13,family:emb_dinov3l,fzrt2k6r,Batch_1,img06,img06,0.4333483052,0.3374746531,0.2291770417,Batch_1,True,
loso13,family:emb_dinov3l,iv6g2oq0,Batch_1,img10,img10,0.2647110211,0.513719682,0.2215692969,Batch_2,False,
loso13,family:emb_dinov3l,uhdslk0o,Batch_1,img13,img13,0.4702110729,0.3494140156,0.1803749114,Batch_1,True,
loso13,family:emb_dinov3l,3806gxp0,Batch_2,img02,img02,0.2925193306,0.4296001582,0.2778805112,Batch_2,True,
loso13,family:emb_dinov3l,avn74qx1,Batch_2,img02,img02,0.3133998535,0.4462724801,0.2403276664,Batch_2,True,
loso13,family:emb_dinov3l,b3esycq1,Batch_2,img06,img06,0.4534908912,0.2997600831,0.2467490256,Batch_1,False,
loso13,family:emb_dinov3l,epqdaau9,Batch_2,img08,img08,0.4203300391,0.4272429555,0.1524270053,Batch_2,True,
loso13,family:emb_dinov3l,i9jiqjwl,Batch_2,img09,img09,0.540713276,0.316804165,0.1424825591,Batch_1,False,
loso13,family:emb_dinov3l,r17byphk,Batch_2,img07,img07,0.2509720495,0.346649336,0.4023786145,Batch_3,False,
loso13,family:emb_dinov3l,rxax5ozo,Batch_2,img12,img12,0.2504833702,0.3862507276,0.3632659023,Batch_2,True,
loso13,family:emb_dinov3l,0grcilhi,Batch_3,img01,img01,0.1484404085,0.2218922927,0.6296672988,Batch_3,True,
loso13,family:emb_dinov3l,71vgq3fw,Batch_3,img04,img04,0.163864141,0.1391947353,0.6969411237,Batch_3,True,
loso13,family:emb_dinov3l,9luzk4jm,Batch_3,img05,img05,0.2071345718,0.2769778412,0.515887587,Batch_3,True,
loso13,family:emb_dinov3l,cfe5vt7s,Batch_3,img07,img07,0.2382154531,0.3385946571,0.4231898898,Batch_3,True,
loso13,family:emb_dinov3l,hawkfj64,Batch_3,img01,img01,0.1619941212,0.2877721464,0.5502337325,Batch_3,True,
loso13,family:emb_dinov3l,hzumfsms,Batch_3,img05,img05,0.2425722882,0.2465642549,0.5108634569,Batch_3,True,
loso13,family:emb_dinov3l,kbdh4tri,Batch_3,img04,img04,0.1270696707,0.1355018739,0.7374284554,Batch_3,True,
loso13,family:emb_dinov3l,mgxahqnk,Batch_3,img01,img01,0.1275351572,0.3408681543,0.5315966884,Batch_3,True,
loso13,family:emb_dinov3l,pl8uabbv,Batch_3,img09,img09,0.4386869626,0.2961574243,0.2651556131,Batch_1,False,
loso13,family:emb_dinov3l,ptg8lmto,Batch_3,img11,img11,0.1376906034,0.2512701115,0.6110392851,Batch_3,True,
loso13,family:emb_dinov3l,tuy3zymq,Batch_3,img04,img04,0.09872103584,0.1137691192,0.787509845,Batch_3,True,
loso13,family:emb_dinov3l,ufdvpb81,Batch_3,img05,img05,0.2972716668,0.3819593148,0.3207690183,Batch_2,False,
loso13,family:emb_dinov3l,utfgcjfa,Batch_3,img12,img12,0.2244849017,0.3436285021,0.4318865962,Batch_3,True,
loso13,family:emb_dinov3l,vc2whyaq,Batch_3,img12,img12,0.2013701582,0.4046280942,0.3940017476,Batch_2,False,
loso13,family:emb_dinov3l,x77cy643,Batch_3,img12,img12,0.1716224579,0.3738830208,0.4544945214,Batch_3,True,
loso13,family:emb_dinov3l,x7u69zsw,Batch_3,img04,img04,0.1578193536,0.1373849173,0.7047957291,Batch_3,True,
loso13,family:emb_dinov3l,xgj4xftb,Batch_3,img11,img11,0.08352878536,0.1606540412,0.7558171734,Batch_3,True,
loso13,family:emb_micronet,4ih2ggld,Batch_1,img03,img03,0.4832593007,0.3644837146,0.1522569846,Batch_1,True,
loso13,family:emb_micronet,5n1q8atc,Batch_1,img03,img03,0.5507297062,0.2629649852,0.1863053086,Batch_1,True,
loso13,family:emb_micronet,f1vzngrs,Batch_1,img08,img08,0.2686356898,0.430579749,0.3007845611,Batch_2,False,
loso13,family:emb_micronet,ffwubibz,Batch_1,img07,img07,0.3192379154,0.3585004496,0.322261635,Batch_2,False,
loso13,family:emb_micronet,fzrt2k6r,Batch_1,img06,img06,0.4151988928,0.3140320746,0.2707690326,Batch_1,True,
loso13,family:emb_micronet,iv6g2oq0,Batch_1,img10,img10,0.1853798908,0.5256259269,0.2889941824,Batch_2,False,
loso13,family:emb_micronet,uhdslk0o,Batch_1,img13,img13,0.4053316901,0.2550734739,0.3395948359,Batch_1,True,
loso13,family:emb_micronet,3806gxp0,Batch_2,img02,img02,0.2207551363,0.4942971196,0.2849477441,Batch_2,True,
loso13,family:emb_micronet,avn74qx1,Batch_2,img02,img02,0.2821640068,0.4889667125,0.2288692807,Batch_2,True,
loso13,family:emb_micronet,b3esycq1,Batch_2,img06,img06,0.4551301338,0.2695432179,0.2753266483,Batch_1,False,
loso13,family:emb_micronet,epqdaau9,Batch_2,img08,img08,0.287964795,0.462727584,0.249307621,Batch_2,True,
loso13,family:emb_micronet,i9jiqjwl,Batch_2,img09,img09,0.6126452623,0.2360297626,0.151324975,Batch_1,False,
loso13,family:emb_micronet,r17byphk,Batch_2,img07,img07,0.2852908737,0.4168602764,0.2978488499,Batch_2,True,
loso13,family:emb_micronet,rxax5ozo,Batch_2,img12,img12,0.2670590304,0.1792944684,0.5536465011,Batch_3,False,
loso13,family:emb_micronet,0grcilhi,Batch_3,img01,img01,0.215088224,0.2416805594,0.5432312166,Batch_3,True,
loso13,family:emb_micronet,71vgq3fw,Batch_3,img04,img04,0.1762785069,0.1475841423,0.6761373508,Batch_3,True,
loso13,family:emb_micronet,9luzk4jm,Batch_3,img05,img05,0.3402301658,0.454030706,0.2057391282,Batch_2,False,
loso13,family:emb_micronet,cfe5vt7s,Batch_3,img07,img07,0.2851666081,0.3722210891,0.3426123027,Batch_2,False,
loso13,family:emb_micronet,hawkfj64,Batch_3,img01,img01,0.2037741003,0.2787052345,0.5175206653,Batch_3,True,
loso13,family:emb_micronet,hzumfsms,Batch_3,img05,img05,0.403528404,0.3935765812,0.2028950148,Batch_1,False,
loso13,family:emb_micronet,kbdh4tri,Batch_3,img04,img04,0.1798734847,0.1494235106,0.6707030047,Batch_3,True,
loso13,family:emb_micronet,mgxahqnk,Batch_3,img01,img01,0.1673688762,0.2823139243,0.5503171995,Batch_3,True,
loso13,family:emb_micronet,pl8uabbv,Batch_3,img09,img09,0.6430881346,0.2405747412,0.1163371242,Batch_1,False,
loso13,family:emb_micronet,ptg8lmto,Batch_3,img11,img11,0.2350158985,0.2158919322,0.5490921693,Batch_3,True,
loso13,family:emb_micronet,tuy3zymq,Batch_3,img04,img04,0.1808352265,0.1810602292,0.6381045443,Batch_3,True,
loso13,family:emb_micronet,ufdvpb81,Batch_3,img05,img05,0.4027976952,0.4300425313,0.1671597736,Batch_2,False,
loso13,family:emb_micronet,utfgcjfa,Batch_3,img12,img12,0.2708680132,0.1823913861,0.5467406007,Batch_3,True,
loso13,family:emb_micronet,vc2whyaq,Batch_3,img12,img12,0.1979118111,0.4770936746,0.3249945143,Batch_2,False,
loso13,family:emb_micronet,x77cy643,Batch_3,img12,img12,0.2918723998,0.1994651137,0.5086624866,Batch_3,True,
loso13,family:emb_micronet,x7u69zsw,Batch_3,img04,img04,0.1939436866,0.1387790846,0.6672772288,Batch_3,True,
loso13,family:emb_micronet,xgj4xftb,Batch_3,img11,img11,0.1483413793,0.1401126011,0.7115460195,Batch_3,True,
loso13,family:fbank,4ih2ggld,Batch_1,img03,img03,0.2817928891,0.3014573508,0.4167497601,Batch_3,False,
loso13,family:fbank,5n1q8atc,Batch_1,img03,img03,0.3658916017,0.298701048,0.3354073503,Batch_1,True,
loso13,family:fbank,f1vzngrs,Batch_1,img08,img08,0.5000300579,0.07204262744,0.4279273147,Batch_1,True,
loso13,family:fbank,ffwubibz,Batch_1,img07,img07,0.3780723878,0.4095354823,0.2123921298,Batch_2,False,
loso13,family:fbank,fzrt2k6r,Batch_1,img06,img06,0.4510871873,0.2223056826,0.3266071301,Batch_1,True,
loso13,family:fbank,iv6g2oq0,Batch_1,img10,img10,0.1915503966,0.4044156828,0.4040339206,Batch_2,False,
loso13,family:fbank,uhdslk0o,Batch_1,img13,img13,0.4080032906,0.3297862589,0.2622104504,Batch_1,True,
loso13,family:fbank,3806gxp0,Batch_2,img02,img02,0.1394710072,0.2787246508,0.581804342,Batch_3,False,
loso13,family:fbank,avn74qx1,Batch_2,img02,img02,0.1022726333,0.3483188474,0.5494085193,Batch_3,False,
loso13,family:fbank,b3esycq1,Batch_2,img06,img06,0.4711642672,0.2591335646,0.2697021683,Batch_1,False,
loso13,family:fbank,epqdaau9,Batch_2,img08,img08,0.3648277443,0.1761130449,0.4590592108,Batch_3,False,
loso13,family:fbank,i9jiqjwl,Batch_2,img09,img09,0.580646481,0.2572209923,0.1621325267,Batch_1,False,
loso13,family:fbank,r17byphk,Batch_2,img07,img07,0.2459695908,0.4611987664,0.2928316428,Batch_2,True,
loso13,family:fbank,rxax5ozo,Batch_2,img12,img12,0.1479723778,0.2622551902,0.5897724321,Batch_3,False,
loso13,family:fbank,0grcilhi,Batch_3,img01,img01,0.1369954879,0.2190164226,0.6439880895,Batch_3,True,
loso13,family:fbank,71vgq3fw,Batch_3,img04,img04,0.2415414992,0.2072724324,0.5511860684,Batch_3,True,
loso13,family:fbank,9luzk4jm,Batch_3,img05,img05,0.3871019671,0.5255070698,0.08739096304,Batch_2,False,
loso13,family:fbank,cfe5vt7s,Batch_3,img07,img07,0.32339262,0.3190956558,0.3575117242,Batch_3,True,
loso13,family:fbank,hawkfj64,Batch_3,img01,img01,0.144108,0.3753752966,0.4805167034,Batch_3,True,
loso13,family:fbank,hzumfsms,Batch_3,img05,img05,0.4581363947,0.4807078395,0.0611557658,Batch_2,False,
loso13,family:fbank,kbdh4tri,Batch_3,img04,img04,0.2093190313,0.2491150012,0.5415659676,Batch_3,True,
loso13,family:fbank,mgxahqnk,Batch_3,img01,img01,0.1260239625,0.3931857675,0.48079027,Batch_3,True,
loso13,family:fbank,pl8uabbv,Batch_3,img09,img09,0.6184863428,0.1956689194,0.1858447378,Batch_1,False,
loso13,family:fbank,ptg8lmto,Batch_3,img11,img11,0.1985142958,0.3045058633,0.496979841,Batch_3,True,
loso13,family:fbank,tuy3zymq,Batch_3,img04,img04,0.2156662109,0.2936048522,0.4907289369,Batch_3,True,
loso13,family:fbank,ufdvpb81,Batch_3,img05,img05,0.4759410898,0.4460468916,0.07801201855,Batch_1,False,
loso13,family:fbank,utfgcjfa,Batch_3,img12,img12,0.1440279413,0.195133472,0.6608385867,Batch_3,True,
loso13,family:fbank,vc2whyaq,Batch_3,img12,img12,0.1864421489,0.4180405032,0.3955173479,Batch_2,False,
loso13,family:fbank,x77cy643,Batch_3,img12,img12,0.1653820215,0.1818623983,0.6527555802,Batch_3,True,
loso13,family:fbank,x7u69zsw,Batch_3,img04,img04,0.2479759973,0.1837962266,0.5682277761,Batch_3,True,
loso13,family:fbank,xgj4xftb,Batch_3,img11,img11,0.1202718635,0.2525026563,0.6272254802,Batch_3,True,
loso13,family:glcm_lbp,4ih2ggld,Batch_1,img03,img03,0.4266734908,0.2400278144,0.3332986948,Batch_1,True,
loso13,family:glcm_lbp,5n1q8atc,Batch_1,img03,img03,0.4635259208,0.2472261675,0.2892479117,Batch_1,True,
loso13,family:glcm_lbp,f1vzngrs,Batch_1,img08,img08,0.3495896774,0.3056624423,0.3447478804,Batch_1,True,
loso13,family:glcm_lbp,ffwubibz,Batch_1,img07,img07,0.4377671371,0.4101688465,0.1520640164,Batch_1,True,
loso13,family:glcm_lbp,fzrt2k6r,Batch_1,img06,img06,0.4379787543,0.3194563418,0.2425649039,Batch_1,True,
loso13,family:glcm_lbp,iv6g2oq0,Batch_1,img10,img10,0.1460858818,0.4935239704,0.3603901478,Batch_2,False,
loso13,family:glcm_lbp,uhdslk0o,Batch_1,img13,img13,0.4717625241,0.2899881581,0.2382493178,Batch_1,True,
loso13,family:glcm_lbp,3806gxp0,Batch_2,img02,img02,0.2595197929,0.3600241272,0.3804560799,Batch_3,False,
loso13,family:glcm_lbp,avn74qx1,Batch_2,img02,img02,0.2150562915,0.4540951941,0.3308485144,Batch_2,True,
loso13,family:glcm_lbp,b3esycq1,Batch_2,img06,img06,0.5105318703,0.2659983045,0.2234698252,Batch_1,False,
loso13,family:glcm_lbp,epqdaau9,Batch_2,img08,img08,0.2884109391,0.2881874679,0.423401593,Batch_3,False,
loso13,family:glcm_lbp,i9jiqjwl,Batch_2,img09,img09,0.6085921423,0.2352354808,0.1561723769,Batch_1,False,
loso13,family:glcm_lbp,r17byphk,Batch_2,img07,img07,0.2454078103,0.4709966535,0.2835955362,Batch_2,True,
loso13,family:glcm_lbp,rxax5ozo,Batch_2,img12,img12,0.1700815972,0.3368077418,0.493110661,Batch_3,False,
loso13,family:glcm_lbp,0grcilhi,Batch_3,img01,img01,0.1921022526,0.3286814079,0.4792163395,Batch_3,True,
loso13,family:glcm_lbp,71vgq3fw,Batch_3,img04,img04,0.149434985,0.2073521197,0.6432128953,Batch_3,True,
loso13,family:glcm_lbp,9luzk4jm,Batch_3,img05,img05,0.3099791717,0.5330792356,0.1569415927,Batch_2,False,
loso13,family:glcm_lbp,cfe5vt7s,Batch_3,img07,img07,0.3235215077,0.3620187123,0.31445978,Batch_2,False,
loso13,family:glcm_lbp,hawkfj64,Batch_3,img01,img01,0.3269475954,0.3334245699,0.3396278348,Batch_3,True,
loso13,family:glcm_lbp,hzumfsms,Batch_3,img05,img05,0.3560864653,0.5201604426,0.1237530921,Batch_2,False,
loso13,family:glcm_lbp,kbdh4tri,Batch_3,img04,img04,0.1899433214,0.2002338666,0.609822812,Batch_3,True,
loso13,family:glcm_lbp,mgxahqnk,Batch_3,img01,img01,0.279647704,0.3152716413,0.4050806547,Batch_3,True,
loso13,family:glcm_lbp,pl8uabbv,Batch_3,img09,img09,0.5567758846,0.2263376321,0.2168864833,Batch_1,False,
loso13,family:glcm_lbp,ptg8lmto,Batch_3,img11,img11,0.07144106439,0.2999874037,0.6285715319,Batch_3,True,
loso13,family:glcm_lbp,tuy3zymq,Batch_3,img04,img04,0.2013314608,0.2474090844,0.5512594548,Batch_3,True,
loso13,family:glcm_lbp,ufdvpb81,Batch_3,img05,img05,0.3823919252,0.5462027298,0.07140534493,Batch_2,False,
loso13,family:glcm_lbp,utfgcjfa,Batch_3,img12,img12,0.1608657746,0.2657299456,0.5734042799,Batch_3,True,
loso13,family:glcm_lbp,vc2whyaq,Batch_3,img12,img12,0.162679302,0.4211744291,0.416146269,Batch_2,False,
loso13,family:glcm_lbp,x77cy643,Batch_3,img12,img12,0.1734076798,0.2787105809,0.5478817392,Batch_3,True,
loso13,family:glcm_lbp,x7u69zsw,Batch_3,img04,img04,0.2174275711,0.2063821723,0.5761902567,Batch_3,True,
loso13,family:glcm_lbp,xgj4xftb,Batch_3,img11,img11,0.1229508276,0.1752674773,0.7017816951,Batch_3,True,
loso13,family:imgqc,4ih2ggld,Batch_1,img03,img03,0.3324221159,0.4033360826,0.2642418015,Batch_2,False,
loso13,family:imgqc,5n1q8atc,Batch_1,img03,img03,0.3418623517,0.3898353956,0.2683022528,Batch_2,False,
loso13,family:imgqc,f1vzngrs,Batch_1,img08,img08,0.4454494394,0.3748287368,0.1797218238,Batch_1,True,
loso13,family:imgqc,ffwubibz,Batch_1,img07,img07,0.3288122069,0.358740814,0.3124469791,Batch_2,False,
loso13,family:imgqc,fzrt2k6r,Batch_1,img06,img06,0.3345400935,0.395361157,0.2700987494,Batch_2,False,
loso13,family:imgqc,iv6g2oq0,Batch_1,img10,img10,0.4609576681,0.3668117865,0.1722305454,Batch_1,True,
loso13,family:imgqc,uhdslk0o,Batch_1,img13,img13,0.3757746814,0.4034842612,0.2207410574,Batch_2,False,
loso13,family:imgqc,3806gxp0,Batch_2,img02,img02,0.3509991629,0.3229700938,0.3260307433,Batch_1,False,
loso13,family:imgqc,avn74qx1,Batch_2,img02,img02,0.32143945,0.3423288725,0.3362316775,Batch_2,True,
loso13,family:imgqc,b3esycq1,Batch_2,img06,img06,0.3801825383,0.3584207822,0.2613966795,Batch_1,False,
loso13,family:imgqc,epqdaau9,Batch_2,img08,img08,0.4245303215,0.4046144575,0.170855221,Batch_1,False,
loso13,family:imgqc,i9jiqjwl,Batch_2,img09,img09,0.4402138906,0.3737197844,0.186066325,Batch_1,False,
loso13,family:imgqc,r17byphk,Batch_2,img07,img07,0.3332735713,0.3576650362,0.3090613925,Batch_2,True,
loso13,family:imgqc,rxax5ozo,Batch_2,img12,img12,0.3211504467,0.303663107,0.3751864463,Batch_3,False,
loso13,family:imgqc,0grcilhi,Batch_3,img01,img01,0.2653398495,0.3520897098,0.3825704407,Batch_3,True,
loso13,family:imgqc,71vgq3fw,Batch_3,img04,img04,0.201327408,0.2263160457,0.5723565462,Batch_3,True,
loso13,family:imgqc,9luzk4jm,Batch_3,img05,img05,0.1299882645,0.2846309414,0.5853807941,Batch_3,True,
loso13,family:imgqc,cfe5vt7s,Batch_3,img07,img07,0.3523938943,0.3365131823,0.3110929234,Batch_1,False,
loso13,family:imgqc,hawkfj64,Batch_3,img01,img01,0.2656237897,0.3281368429,0.4062393675,Batch_3,True,
loso13,family:imgqc,hzumfsms,Batch_3,img05,img05,0.1272825038,0.2950121101,0.5777053861,Batch_3,True,
loso13,family:imgqc,kbdh4tri,Batch_3,img04,img04,0.1991116963,0.2231546158,0.5777336879,Batch_3,True,
loso13,family:imgqc,mgxahqnk,Batch_3,img01,img01,0.2686268768,0.3591503588,0.3722227644,Batch_3,True,
loso13,family:imgqc,pl8uabbv,Batch_3,img09,img09,0.4232965348,0.3937192563,0.1829842089,Batch_1,False,
loso13,family:imgqc,ptg8lmto,Batch_3,img11,img11,0.3426544044,0.3517469155,0.3055986801,Batch_2,False,
loso13,family:imgqc,tuy3zymq,Batch_3,img04,img04,0.1941951593,0.2343501682,0.5714546726,Batch_3,True,
loso13,family:imgqc,ufdvpb81,Batch_3,img05,img05,0.1419582487,0.3205289418,0.5375128094,Batch_3,True,
loso13,family:imgqc,utfgcjfa,Batch_3,img12,img12,0.3481891569,0.271295474,0.3805153691,Batch_3,True,
loso13,family:imgqc,vc2whyaq,Batch_3,img12,img12,0.3164812235,0.3595336891,0.3239850874,Batch_2,False,
loso13,family:imgqc,x77cy643,Batch_3,img12,img12,0.3130477164,0.3261577786,0.3607945051,Batch_3,True,
loso13,family:imgqc,x7u69zsw,Batch_3,img04,img04,0.1988358843,0.2161002769,0.5850638389,Batch_3,True,
loso13,family:imgqc,xgj4xftb,Batch_3,img11,img11,0.2985820667,0.2778138874,0.4236040458,Batch_3,True,
loso13,family:legacy_acq,4ih2ggld,Batch_1,img03,img03,0.4956452367,0.4101204246,0.09423433875,Batch_1,True,
loso13,family:legacy_acq,5n1q8atc,Batch_1,img03,img03,0.5130433685,0.414681685,0.07227494646,Batch_1,True,
loso13,family:legacy_acq,f1vzngrs,Batch_1,img08,img08,0.2784289234,0.5995559714,0.1220151052,Batch_2,False,
loso13,family:legacy_acq,ffwubibz,Batch_1,img07,img07,0.4150143853,0.3283418266,0.2566437881,Batch_1,True,
loso13,family:legacy_acq,fzrt2k6r,Batch_1,img06,img06,0.5001574272,0.2364040742,0.2634384986,Batch_1,True,
loso13,family:legacy_acq,iv6g2oq0,Batch_1,img10,img10,0.3681682013,0.3678282892,0.2640035095,Batch_1,True,
loso13,family:legacy_acq,uhdslk0o,Batch_1,img13,img13,0.4116487948,0.3717387273,0.2166124779,Batch_1,True,
loso13,family:legacy_acq,3806gxp0,Batch_2,img02,img02,0.3735330111,0.4114240239,0.215042965,Batch_2,True,
loso13,family:legacy_acq,avn74qx1,Batch_2,img02,img02,0.3710916069,0.4115105165,0.2173978766,Batch_2,True,
loso13,family:legacy_acq,b3esycq1,Batch_2,img06,img06,0.5267288658,0.2263126118,0.2469585224,Batch_1,False,
loso13,family:legacy_acq,epqdaau9,Batch_2,img08,img08,0.2714010754,0.586689911,0.1419090135,Batch_2,True,
loso13,family:legacy_acq,i9jiqjwl,Batch_2,img09,img09,0.6172386421,0.2956309976,0.08713036026,Batch_1,False,
loso13,family:legacy_acq,r17byphk,Batch_2,img07,img07,0.4403623458,0.2273179561,0.3323196981,Batch_1,False,
loso13,family:legacy_acq,rxax5ozo,Batch_2,img12,img12,0.2516176849,0.4318397117,0.3165426033,Batch_2,True,
loso13,family:legacy_acq,0grcilhi,Batch_3,img01,img01,0.2047991225,0.3217190915,0.473481786,Batch_3,True,
loso13,family:legacy_acq,71vgq3fw,Batch_3,img04,img04,0.0006752996703,0.002239044386,0.9970856559,Batch_3,True,
loso13,family:legacy_acq,9luzk4jm,Batch_3,img05,img05,0.1357109475,0.1252054077,0.7390836448,Batch_3,True,
loso13,family:legacy_acq,cfe5vt7s,Batch_3,img07,img07,0.39519712,0.2910233905,0.3137794896,Batch_1,False,
loso13,family:legacy_acq,hawkfj64,Batch_3,img01,img01,0.1935310184,0.3136382658,0.4928307158,Batch_3,True,
loso13,family:legacy_acq,hzumfsms,Batch_3,img05,img05,0.1451535005,0.1273286091,0.7275178904,Batch_3,True,
loso13,family:legacy_acq,kbdh4tri,Batch_3,img04,img04,0.0006986852846,0.002484197897,0.9968171168,Batch_3,True,
loso13,family:legacy_acq,mgxahqnk,Batch_3,img01,img01,0.1832860927,0.3077132252,0.5090006821,Batch_3,True,
loso13,family:legacy_acq,pl8uabbv,Batch_3,img09,img09,0.5689991102,0.3273435735,0.1036573162,Batch_1,False,
loso13,family:legacy_acq,ptg8lmto,Batch_3,img11,img11,0.1887398149,0.2714123138,0.5398478713,Batch_3,True,
loso13,family:legacy_acq,tuy3zymq,Batch_3,img04,img04,0.0005790332276,0.002001427844,0.9974195389,Batch_3,True,
loso13,family:legacy_acq,ufdvpb81,Batch_3,img05,img05,0.1464015192,0.1293794776,0.7242190033,Batch_3,True,
loso13,family:legacy_acq,utfgcjfa,Batch_3,img12,img12,0.2519325373,0.4203946416,0.3276728211,Batch_2,False,
loso13,family:legacy_acq,vc2whyaq,Batch_3,img12,img12,0.2953779443,0.3158390475,0.3887830082,Batch_3,True,
loso13,family:legacy_acq,x77cy643,Batch_3,img12,img12,0.2614401605,0.4164571484,0.3221026911,Batch_2,False,
loso13,family:legacy_acq,x7u69zsw,Batch_3,img04,img04,0.000652514716,0.00227722613,0.9970702592,Batch_3,True,
loso13,family:legacy_acq,xgj4xftb,Batch_3,img11,img11,0.1285599164,0.2129676342,0.6584724493,Batch_3,True,
loso13,family:legacy_dinov2s,4ih2ggld,Batch_1,img03,img03,0.2846256709,0.3790416986,0.3363326305,Batch_2,False,
loso13,family:legacy_dinov2s,5n1q8atc,Batch_1,img03,img03,0.3061455988,0.3812704467,0.3125839545,Batch_2,False,
loso13,family:legacy_dinov2s,f1vzngrs,Batch_1,img08,img08,0.5156741218,0.3366906164,0.1476352617,Batch_1,True,
loso13,family:legacy_dinov2s,ffwubibz,Batch_1,img07,img07,0.3784318873,0.3399728997,0.281595213,Batch_1,True,
loso13,family:legacy_dinov2s,fzrt2k6r,Batch_1,img06,img06,0.3403516161,0.4133656552,0.2462827287,Batch_2,False,
loso13,family:legacy_dinov2s,iv6g2oq0,Batch_1,img10,img10,0.2808572981,0.5297547627,0.1893879391,Batch_2,False,
loso13,family:legacy_dinov2s,uhdslk0o,Batch_1,img13,img13,0.4868774073,0.2893887111,0.2237338816,Batch_1,True,
loso13,family:legacy_dinov2s,3806gxp0,Batch_2,img02,img02,0.3268949717,0.334352645,0.3387523833,Batch_3,False,
loso13,family:legacy_dinov2s,avn74qx1,Batch_2,img02,img02,0.3174785193,0.3688166184,0.3137048623,Batch_2,True,
loso13,family:legacy_dinov2s,b3esycq1,Batch_2,img06,img06,0.506730731,0.2531787512,0.2400905178,Batch_1,False,
loso13,family:legacy_dinov2s,epqdaau9,Batch_2,img08,img08,0.5084772411,0.2989554344,0.1925673244,Batch_1,False,
loso13,family:legacy_dinov2s,i9jiqjwl,Batch_2,img09,img09,0.5245062313,0.261674309,0.2138194597,Batch_1,False,
loso13,family:legacy_dinov2s,r17byphk,Batch_2,img07,img07,0.1726810991,0.3050052716,0.5223136293,Batch_3,False,
loso13,family:legacy_dinov2s,rxax5ozo,Batch_2,img12,img12,0.2276607541,0.533778127,0.2385611189,Batch_2,True,
loso13,family:legacy_dinov2s,0grcilhi,Batch_3,img01,img01,0.1858735345,0.3588722461,0.4552542193,Batch_3,True,
loso13,family:legacy_dinov2s,71vgq3fw,Batch_3,img04,img04,0.1548295192,0.1009576476,0.7442128332,Batch_3,True,
loso13,family:legacy_dinov2s,9luzk4jm,Batch_3,img05,img05,0.2274826243,0.3249676458,0.44754973,Batch_3,True,
loso13,family:legacy_dinov2s,cfe5vt7s,Batch_3,img07,img07,0.184608284,0.2914273636,0.5239643524,Batch_3,True,
loso13,family:legacy_dinov2s,hawkfj64,Batch_3,img01,img01,0.3423804942,0.2754920418,0.382127464,Batch_3,True,
loso13,family:legacy_dinov2s,hzumfsms,Batch_3,img05,img05,0.2174173204,0.2922469221,0.4903357575,Batch_3,True,
loso13,family:legacy_dinov2s,kbdh4tri,Batch_3,img04,img04,0.139348551,0.09601889302,0.764632556,Batch_3,True,
loso13,family:legacy_dinov2s,mgxahqnk,Batch_3,img01,img01,0.3987897031,0.3342284415,0.2669818554,Batch_1,False,
loso13,family:legacy_dinov2s,pl8uabbv,Batch_3,img09,img09,0.422882153,0.284752479,0.2923653679,Batch_1,False,
loso13,family:legacy_dinov2s,ptg8lmto,Batch_3,img11,img11,0.09428416089,0.2060424451,0.699673394,Batch_3,True,
loso13,family:legacy_dinov2s,tuy3zymq,Batch_3,img04,img04,0.1120566871,0.1122743821,0.7756689308,Batch_3,True,
loso13,family:legacy_dinov2s,ufdvpb81,Batch_3,img05,img05,0.2829427915,0.4247298746,0.2923273339,Batch_2,False,
loso13,family:legacy_dinov2s,utfgcjfa,Batch_3,img12,img12,0.1834880562,0.4977648081,0.3187471358,Batch_2,False,
loso13,family:legacy_dinov2s,vc2whyaq,Batch_3,img12,img12,0.2065991965,0.4386471147,0.3547536888,Batch_2,False,
loso13,family:legacy_dinov2s,x77cy643,Batch_3,img12,img12,0.1511006031,0.5154399089,0.333459488,Batch_2,False,
loso13,family:legacy_dinov2s,x7u69zsw,Batch_3,img04,img04,0.2047357713,0.0890212792,0.7062429495,Batch_3,True,
loso13,family:legacy_dinov2s,xgj4xftb,Batch_3,img11,img11,0.1606514466,0.1240763531,0.7152722004,Batch_3,True,
loso13,family:orient,4ih2ggld,Batch_1,img03,img03,0.1236262518,0.3677612688,0.5086124793,Batch_3,False,
loso13,family:orient,5n1q8atc,Batch_1,img03,img03,0.102603808,0.3338928306,0.5635033614,Batch_3,False,
loso13,family:orient,f1vzngrs,Batch_1,img08,img08,0.617932561,0.05983881913,0.3222286198,Batch_1,True,
loso13,family:orient,ffwubibz,Batch_1,img07,img07,0.3960655781,0.3402168537,0.2637175682,Batch_1,True,
loso13,family:orient,fzrt2k6r,Batch_1,img06,img06,0.4098434427,0.2833423164,0.306814241,Batch_1,True,
loso13,family:orient,iv6g2oq0,Batch_1,img10,img10,0.2464309162,0.2987985363,0.4547705474,Batch_3,False,
loso13,family:orient,uhdslk0o,Batch_1,img13,img13,0.2240943392,0.3250800336,0.4508256272,Batch_3,False,
loso13,family:orient,3806gxp0,Batch_2,img02,img02,0.07394061723,0.2136027588,0.7124566239,Batch_3,False,
loso13,family:orient,avn74qx1,Batch_2,img02,img02,0.08478453762,0.2870405679,0.6281748945,Batch_3,False,
loso13,family:orient,b3esycq1,Batch_2,img06,img06,0.343531356,0.3800986508,0.2763699931,Batch_2,True,
loso13,family:orient,epqdaau9,Batch_2,img08,img08,0.4255967881,0.1696348131,0.4047683988,Batch_1,False,
loso13,family:orient,i9jiqjwl,Batch_2,img09,img09,0.4358490102,0.3872852315,0.1768657582,Batch_1,False,
loso13,family:orient,r17byphk,Batch_2,img07,img07,0.2162285802,0.4421145294,0.3416568904,Batch_2,True,
loso13,family:orient,rxax5ozo,Batch_2,img12,img12,0.2004328108,0.2459966081,0.5535705811,Batch_3,False,
loso13,family:orient,0grcilhi,Batch_3,img01,img01,0.258254873,0.2099636385,0.5317814885,Batch_3,True,
loso13,family:orient,71vgq3fw,Batch_3,img04,img04,0.3084469163,0.2443810659,0.4471720178,Batch_3,True,
loso13,family:orient,9luzk4jm,Batch_3,img05,img05,0.3581030958,0.2344133096,0.4074835946,Batch_3,True,
loso13,family:orient,cfe5vt7s,Batch_3,img07,img07,0.2367706159,0.3826744822,0.3805549018,Batch_2,False,
loso13,family:orient,hawkfj64,Batch_3,img01,img01,0.2482433787,0.2791988258,0.4725577955,Batch_3,True,
loso13,family:orient,hzumfsms,Batch_3,img05,img05,0.445113668,0.2112813504,0.3436049816,Batch_1,False,
loso13,family:orient,kbdh4tri,Batch_3,img04,img04,0.2163964836,0.4348705739,0.3487329425,Batch_2,False,
loso13,family:orient,mgxahqnk,Batch_3,img01,img01,0.139119619,0.4800587538,0.3808216272,Batch_2,False,
loso13,family:orient,pl8uabbv,Batch_3,img09,img09,0.3564296382,0.3217823677,0.321787994,Batch_1,False,
loso13,family:orient,ptg8lmto,Batch_3,img11,img11,0.2334467871,0.4504841257,0.3160690872,Batch_2,False,
loso13,family:orient,tuy3zymq,Batch_3,img04,img04,0.2348669101,0.430785615,0.334347475,Batch_2,False,
loso13,family:orient,ufdvpb81,Batch_3,img05,img05,0.3176940234,0.3531971668,0.3291088098,Batch_2,False,
loso13,family:orient,utfgcjfa,Batch_3,img12,img12,0.298902209,0.1685128713,0.5325849197,Batch_3,True,
loso13,family:orient,vc2whyaq,Batch_3,img12,img12,0.1898626785,0.3741889057,0.4359484157,Batch_3,True,
loso13,family:orient,x77cy643,Batch_3,img12,img12,0.2159654264,0.350496505,0.4335380686,Batch_3,True,
loso13,family:orient,x7u69zsw,Batch_3,img04,img04,0.1939404717,0.3744946504,0.4315648779,Batch_3,True,
loso13,family:orient,xgj4xftb,Batch_3,img11,img11,0.1594452653,0.3577128366,0.482841898,Batch_3,True,
loso13,family:phase,4ih2ggld,Batch_1,img03,img03,0.377733498,0.1091494203,0.5131170817,Batch_3,False,
loso13,family:phase,5n1q8atc,Batch_1,img03,img03,0.6361847186,0.08789383297,0.2759214485,Batch_1,True,
loso13,family:phase,f1vzngrs,Batch_1,img08,img08,0.388354941,0.2427476887,0.3688973703,Batch_1,True,
loso13,family:phase,ffwubibz,Batch_1,img07,img07,0.3223527618,0.4820574086,0.1955898296,Batch_2,False,
loso13,family:phase,fzrt2k6r,Batch_1,img06,img06,0.2878338112,0.3514920582,0.3606741306,Batch_3,False,
loso13,family:phase,iv6g2oq0,Batch_1,img10,img10,0.2040062965,0.4776484784,0.318345225,Batch_2,False,
loso13,family:phase,uhdslk0o,Batch_1,img13,img13,0.171638617,0.3420027553,0.4863586277,Batch_3,False,
loso13,family:phase,3806gxp0,Batch_2,img02,img02,0.2198779702,0.3022891589,0.477832871,Batch_3,False,
loso13,family:phase,avn74qx1,Batch_2,img02,img02,0.2391869866,0.4520697963,0.3087432171,Batch_2,True,
loso13,family:phase,b3esycq1,Batch_2,img06,img06,0.3663841841,0.3127869541,0.3208288618,Batch_1,False,
loso13,family:phase,epqdaau9,Batch_2,img08,img08,0.2495412022,0.2952468358,0.455211962,Batch_3,False,
loso13,family:phase,i9jiqjwl,Batch_2,img09,img09,0.2992880685,0.351328156,0.3493837755,Batch_2,True,
loso13,family:phase,r17byphk,Batch_2,img07,img07,0.2461372857,0.4046360384,0.3492266759,Batch_2,True,
loso13,family:phase,rxax5ozo,Batch_2,img12,img12,0.3436529056,0.2395377961,0.4168092983,Batch_3,False,
loso13,family:phase,0grcilhi,Batch_3,img01,img01,0.2305668247,0.4736184483,0.295814727,Batch_2,False,
loso13,family:phase,71vgq3fw,Batch_3,img04,img04,0.3227671071,0.2434407534,0.4337921395,Batch_3,True,
loso13,family:phase,9luzk4jm,Batch_3,img05,img05,0.1367285084,0.5358208036,0.327450688,Batch_2,False,
loso13,family:phase,cfe5vt7s,Batch_3,img07,img07,0.2390398157,0.3947457384,0.3662144458,Batch_2,False,
loso13,family:phase,hawkfj64,Batch_3,img01,img01,0.2385919343,0.4035210552,0.3578870105,Batch_2,False,
loso13,family:phase,hzumfsms,Batch_3,img05,img05,0.1230173625,0.6149997001,0.2619829374,Batch_2,False,
loso13,family:phase,kbdh4tri,Batch_3,img04,img04,0.5890655232,0.1540081648,0.2569263121,Batch_1,False,
loso13,family:phase,mgxahqnk,Batch_3,img01,img01,0.1467487276,0.4599339971,0.3933172753,Batch_2,False,
loso13,family:phase,pl8uabbv,Batch_3,img09,img09,0.3014965572,0.3232256694,0.3752777734,Batch_3,True,
loso13,family:phase,ptg8lmto,Batch_3,img11,img11,0.2798489888,0.3499913931,0.3701596181,Batch_3,True,
loso13,family:phase,tuy3zymq,Batch_3,img04,img04,0.6495522081,0.1576760503,0.1927717416,Batch_1,False,
loso13,family:phase,ufdvpb81,Batch_3,img05,img05,0.2037136358,0.5193706476,0.2769157165,Batch_2,False,
loso13,family:phase,utfgcjfa,Batch_3,img12,img12,0.2503650589,0.2356077055,0.5140272356,Batch_3,True,
loso13,family:phase,vc2whyaq,Batch_3,img12,img12,0.1849186129,0.5328812927,0.2822000944,Batch_2,False,
loso13,family:phase,x77cy643,Batch_3,img12,img12,0.2314679004,0.2518971602,0.5166349394,Batch_3,True,
loso13,family:phase,x7u69zsw,Batch_3,img04,img04,0.4172681686,0.2227382573,0.359993574,Batch_1,False,
loso13,family:phase,xgj4xftb,Batch_3,img11,img11,0.2431819384,0.3444624551,0.4123556066,Batch_3,True,
loso13,family:psd,4ih2ggld,Batch_1,img03,img03,0.2863841997,0.4003918859,0.3132239145,Batch_2,False,
loso13,family:psd,5n1q8atc,Batch_1,img03,img03,0.3828813933,0.2430448324,0.3740737744,Batch_1,True,
loso13,family:psd,f1vzngrs,Batch_1,img08,img08,0.7363046963,0.01911182297,0.2445834807,Batch_1,True,
loso13,family:psd,ffwubibz,Batch_1,img07,img07,0.4738391661,0.3168269257,0.2093339082,Batch_1,True,
loso13,family:psd,fzrt2k6r,Batch_1,img06,img06,0.3345824368,0.5140453732,0.15137219,Batch_2,False,
loso13,family:psd,iv6g2oq0,Batch_1,img10,img10,0.1990146544,0.3861448895,0.4148404561,Batch_3,False,
loso13,family:psd,uhdslk0o,Batch_1,img13,img13,0.3823813373,0.3601090324,0.2575096304,Batch_1,True,
loso13,family:psd,3806gxp0,Batch_2,img02,img02,0.1663752923,0.07292964916,0.7606950585,Batch_3,False,
loso13,family:psd,avn74qx1,Batch_2,img02,img02,0.1008048249,0.3579209986,0.5412741764,Batch_3,False,
loso13,family:psd,b3esycq1,Batch_2,img06,img06,0.2370336232,0.6773874933,0.08557888351,Batch_2,True,
loso13,family:psd,epqdaau9,Batch_2,img08,img08,0.6167611887,0.08269358166,0.3005452297,Batch_1,False,
loso13,family:psd,i9jiqjwl,Batch_2,img09,img09,0.5839403262,0.357387642,0.05867203184,Batch_1,False,
loso13,family:psd,r17byphk,Batch_2,img07,img07,0.2099631675,0.4467215872,0.3433152453,Batch_2,True,
loso13,family:psd,rxax5ozo,Batch_2,img12,img12,0.2083151879,0.2743994795,0.5172853325,Batch_3,False,
loso13,family:psd,0grcilhi,Batch_3,img01,img01,0.1102260563,0.2136372126,0.6761367311,Batch_3,True,
loso13,family:psd,71vgq3fw,Batch_3,img04,img04,0.2809653915,0.1491696906,0.5698649179,Batch_3,True,
loso13,family:psd,9luzk4jm,Batch_3,img05,img05,0.3868387624,0.4527117103,0.1604495274,Batch_2,False,
loso13,family:psd,cfe5vt7s,Batch_3,img07,img07,0.2686832789,0.2921237681,0.439192953,Batch_3,True,
loso13,family:psd,hawkfj64,Batch_3,img01,img01,0.1086438317,0.218392066,0.6729641023,Batch_3,True,
loso13,family:psd,hzumfsms,Batch_3,img05,img05,0.542390899,0.2873486391,0.170260462,Batch_1,False,
loso13,family:psd,kbdh4tri,Batch_3,img04,img04,0.2091441335,0.3726717428,0.4181841236,Batch_3,True,
loso13,family:psd,mgxahqnk,Batch_3,img01,img01,0.07962625332,0.2776663593,0.6427073874,Batch_3,True,
loso13,family:psd,pl8uabbv,Batch_3,img09,img09,0.5941722483,0.2932644054,0.1125633464,Batch_1,False,
loso13,family:psd,ptg8lmto,Batch_3,img11,img11,0.1748493488,0.2522151612,0.57293549,Batch_3,True,
loso13,family:psd,tuy3zymq,Batch_3,img04,img04,0.1681932459,0.2945661753,0.5372405788,Batch_3,True,
loso13,family:psd,ufdvpb81,Batch_3,img05,img05,0.5209711694,0.3575189188,0.1215099118,Batch_1,False,
loso13,family:psd,utfgcjfa,Batch_3,img12,img12,0.2228820479,0.2413142868,0.5358036653,Batch_3,True,
loso13,family:psd,vc2whyaq,Batch_3,img12,img12,0.1992428389,0.2921014,0.5086557611,Batch_3,True,
loso13,family:psd,x77cy643,Batch_3,img12,img12,0.1875032993,0.2741684491,0.5383282517,Batch_3,True,
loso13,family:psd,x7u69zsw,Batch_3,img04,img04,0.2955953929,0.2582840618,0.4461205452,Batch_3,True,
loso13,family:psd,xgj4xftb,Batch_3,img11,img11,0.05738275897,0.2293759284,0.7132413126,Batch_3,True,
loso13,family:registry,4ih2ggld,Batch_1,img03,img03,0.4283310275,0.0383966984,0.5332722741,Batch_3,False,
loso13,family:registry,5n1q8atc,Batch_1,img03,img03,0.4458226374,0.0292090639,0.5249682987,Batch_3,False,
loso13,family:registry,f1vzngrs,Batch_1,img08,img08,0.3428583028,0.2980793966,0.3590623006,Batch_3,False,
loso13,family:registry,ffwubibz,Batch_1,img07,img07,0.2327486804,0.5949614997,0.1722898199,Batch_2,False,
loso13,family:registry,fzrt2k6r,Batch_1,img06,img06,0.3310915788,0.4050800898,0.2638283314,Batch_2,False,
loso13,family:registry,iv6g2oq0,Batch_1,img10,img10,0.2055142009,0.3809627208,0.4135230783,Batch_3,False,
loso13,family:registry,uhdslk0o,Batch_1,img13,img13,0.2601648141,0.3938709144,0.3459642715,Batch_2,False,
loso13,family:registry,3806gxp0,Batch_2,img02,img02,0.1351080757,0.238303653,0.6265882713,Batch_3,False,
loso13,family:registry,avn74qx1,Batch_2,img02,img02,0.2693760305,0.4967431986,0.2338807709,Batch_2,True,
loso13,family:registry,b3esycq1,Batch_2,img06,img06,0.3759571913,0.2604299992,0.3636128095,Batch_1,False,
loso13,family:registry,epqdaau9,Batch_2,img08,img08,0.3937552815,0.3473719934,0.2588727252,Batch_1,False,
loso13,family:registry,i9jiqjwl,Batch_2,img09,img09,0.3298928646,0.3431572788,0.3269498566,Batch_2,True,
loso13,family:registry,r17byphk,Batch_2,img07,img07,0.2184711363,0.4665511259,0.3149777378,Batch_2,True,
loso13,family:registry,rxax5ozo,Batch_2,img12,img12,0.3231212176,0.3630834532,0.3137953292,Batch_2,True,
loso13,family:registry,0grcilhi,Batch_3,img01,img01,0.3187165315,0.3406460517,0.3406374168,Batch_2,False,
loso13,family:registry,71vgq3fw,Batch_3,img04,img04,0.3265871055,0.2291397266,0.4442731678,Batch_3,True,
loso13,family:registry,9luzk4jm,Batch_3,img05,img05,0.07110315014,0.1521922172,0.7767046326,Batch_3,True,
loso13,family:registry,cfe5vt7s,Batch_3,img07,img07,0.2210191891,0.287983408,0.4909974029,Batch_3,True,
loso13,family:registry,hawkfj64,Batch_3,img01,img01,0.2900669042,0.3003667695,0.4095663263,Batch_3,True,
loso13,family:registry,hzumfsms,Batch_3,img05,img05,0.1142728439,0.1773482526,0.7083789035,Batch_3,True,
loso13,family:registry,kbdh4tri,Batch_3,img04,img04,0.3927876491,0.237679721,0.3695326299,Batch_1,False,
loso13,family:registry,mgxahqnk,Batch_3,img01,img01,0.2188029691,0.2293519913,0.5518450397,Batch_3,True,
loso13,family:registry,pl8uabbv,Batch_3,img09,img09,0.2281311552,0.2180000935,0.5538687514,Batch_3,True,
loso13,family:registry,ptg8lmto,Batch_3,img11,img11,0.3784809113,0.361084832,0.2604342567,Batch_1,False,
loso13,family:registry,tuy3zymq,Batch_3,img04,img04,0.3518236973,0.2615147401,0.3866615626,Batch_3,True,
loso13,family:registry,ufdvpb81,Batch_3,img05,img05,0.1257806145,0.2265009589,0.6477184265,Batch_3,True,
loso13,family:registry,utfgcjfa,Batch_3,img12,img12,0.2131211282,0.2525449667,0.5343339051,Batch_3,True,
loso13,family:registry,vc2whyaq,Batch_3,img12,img12,0.2372977769,0.5472914596,0.2154107635,Batch_2,False,
loso13,family:registry,x77cy643,Batch_3,img12,img12,0.1825698932,0.1631508031,0.6542793036,Batch_3,True,
loso13,family:registry,x7u69zsw,Batch_3,img04,img04,0.4207631708,0.1800481718,0.3991886574,Batch_1,False,
loso13,family:registry,xgj4xftb,Batch_3,img11,img11,0.2054141483,0.3222413488,0.4723445029,Batch_3,True,
loso13,family:xdet,4ih2ggld,Batch_1,img03,img03,0.4677723939,0.3263063268,0.2059212794,Batch_1,True,
loso13,family:xdet,5n1q8atc,Batch_1,img03,img03,0.4962136688,0.2678033749,0.2359829563,Batch_1,True,
loso13,family:xdet,f1vzngrs,Batch_1,img08,img08,0.3390194454,0.5687719739,0.09220858078,Batch_2,False,
loso13,family:xdet,ffwubibz,Batch_1,img07,img07,0.2504420293,0.3842311094,0.3653268613,Batch_2,False,
loso13,family:xdet,fzrt2k6r,Batch_1,img06,img06,0.4277286803,0.2464100728,0.3258612468,Batch_1,True,
loso13,family:xdet,iv6g2oq0,Batch_1,img10,img10,0.1806572903,0.5849956719,0.2343470378,Batch_2,False,
loso13,family:xdet,uhdslk0o,Batch_1,img13,img13,0.3343694042,0.3693275696,0.2963030262,Batch_2,False,
loso13,family:xdet,3806gxp0,Batch_2,img02,img02,0.2006048782,0.3116538095,0.4877413123,Batch_3,False,
loso13,family:xdet,avn74qx1,Batch_2,img02,img02,0.2343677364,0.3914169987,0.3742152648,Batch_2,True,
loso13,family:xdet,b3esycq1,Batch_2,img06,img06,0.5702396163,0.150852048,0.2789083357,Batch_1,False,
loso13,family:xdet,epqdaau9,Batch_2,img08,img08,0.2899217017,0.5327001596,0.1773781387,Batch_2,True,
loso13,family:xdet,i9jiqjwl,Batch_2,img09,img09,0.5686724671,0.3026228974,0.1287046355,Batch_1,False,
loso13,family:xdet,r17byphk,Batch_2,img07,img07,0.1924331511,0.4522368641,0.3553299847,Batch_2,True,
loso13,family:xdet,rxax5ozo,Batch_2,img12,img12,0.3122943091,0.3257458965,0.3619597944,Batch_3,False,
loso13,family:xdet,0grcilhi,Batch_3,img01,img01,0.1547209316,0.2206253751,0.6246536933,Batch_3,True,
loso13,family:xdet,71vgq3fw,Batch_3,img04,img04,0.1303965734,0.1680724478,0.7015309788,Batch_3,True,
loso13,family:xdet,9luzk4jm,Batch_3,img05,img05,0.5574543682,0.3433321,0.09921353183,Batch_1,False,
loso13,family:xdet,cfe5vt7s,Batch_3,img07,img07,0.2192727739,0.3840855754,0.3966416508,Batch_3,True,
loso13,family:xdet,hawkfj64,Batch_3,img01,img01,0.1352794736,0.2103946912,0.6543258352,Batch_3,True,
loso13,family:xdet,hzumfsms,Batch_3,img05,img05,0.5153989959,0.3782091555,0.1063918486,Batch_1,False,
loso13,family:xdet,kbdh4tri,Batch_3,img04,img04,0.1212994838,0.1564549411,0.7222455751,Batch_3,True,
loso13,family:xdet,mgxahqnk,Batch_3,img01,img01,0.122730865,0.1722039379,0.7050651971,Batch_3,True,
loso13,family:xdet,pl8uabbv,Batch_3,img09,img09,0.3275891073,0.394073041,0.2783378517,Batch_2,False,
loso13,family:xdet,ptg8lmto,Batch_3,img11,img11,0.1425503423,0.2442925704,0.6131570873,Batch_3,True,
loso13,family:xdet,tuy3zymq,Batch_3,img04,img04,0.1355841423,0.1622090921,0.7022067656,Batch_3,True,
loso13,family:xdet,ufdvpb81,Batch_3,img05,img05,0.6559925542,0.280322369,0.06368507673,Batch_1,False,
loso13,family:xdet,utfgcjfa,Batch_3,img12,img12,0.2447475332,0.3680779816,0.3871744851,Batch_3,True,
loso13,family:xdet,vc2whyaq,Batch_3,img12,img12,0.2031992069,0.5327357754,0.2640650178,Batch_2,False,
loso13,family:xdet,x77cy643,Batch_3,img12,img12,0.2605844625,0.4096713613,0.3297441763,Batch_2,False,
loso13,family:xdet,x7u69zsw,Batch_3,img04,img04,0.08360001596,0.1067627359,0.8096372481,Batch_3,True,
loso13,family:xdet,xgj4xftb,Batch_3,img11,img11,0.08103065179,0.110644338,0.8083250102,Batch_3,True,
loso13,best_single_family,4ih2ggld,Batch_1,img03,img03,0.2962948787,0.3684533224,0.3352517989,Batch_2,False,
loso13,best_single_family,5n1q8atc,Batch_1,img03,img03,0.400192396,0.3666240401,0.233183564,Batch_1,True,
loso13,best_single_family,f1vzngrs,Batch_1,img08,img08,0.5172132294,0.3863302078,0.09645656284,Batch_1,True,
loso13,best_single_family,ffwubibz,Batch_1,img07,img07,0.3494109775,0.4446143896,0.2059746328,Batch_2,False,
loso13,best_single_family,fzrt2k6r,Batch_1,img06,img06,0.3666547569,0.3501968674,0.2831483756,Batch_1,True,
loso13,best_single_family,iv6g2oq0,Batch_1,img10,img10,0.2647110211,0.513719682,0.2215692969,Batch_2,False,
loso13,best_single_family,uhdslk0o,Batch_1,img13,img13,0.4560901476,0.3534451223,0.1904647301,Batch_1,True,
loso13,best_single_family,3806gxp0,Batch_2,img02,img02,0.1351080757,0.238303653,0.6265882713,Batch_3,False,
loso13,best_single_family,avn74qx1,Batch_2,img02,img02,0.2693760305,0.4967431986,0.2338807709,Batch_2,True,
loso13,best_single_family,b3esycq1,Batch_2,img06,img06,0.4125659997,0.3373804517,0.2500535486,Batch_1,False,
loso13,best_single_family,epqdaau9,Batch_2,img08,img08,0.4203300391,0.4272429555,0.1524270053,Batch_2,True,
loso13,best_single_family,i9jiqjwl,Batch_2,img09,img09,0.6126452623,0.2360297626,0.151324975,Batch_1,False,
loso13,best_single_family,r17byphk,Batch_2,img07,img07,0.2445769708,0.3540688563,0.4013541728,Batch_3,False,
loso13,best_single_family,rxax5ozo,Batch_2,img12,img12,0.2504833702,0.3862507276,0.3632659023,Batch_2,True,
loso13,best_single_family,0grcilhi,Batch_3,img01,img01,0.2341018925,0.1590946849,0.6068034226,Batch_3,True,
loso13,best_single_family,71vgq3fw,Batch_3,img04,img04,0.1802937418,0.1411652605,0.6785409978,Batch_3,True,
loso13,best_single_family,9luzk4jm,Batch_3,img05,img05,0.2071345718,0.2769778412,0.515887587,Batch_3,True,
loso13,best_single_family,cfe5vt7s,Batch_3,img07,img07,0.2383613138,0.3557560087,0.4058826775,Batch_3,True,
loso13,best_single_family,hawkfj64,Batch_3,img01,img01,0.1827841606,0.2067233841,0.6104924554,Batch_3,True,
loso13,best_single_family,hzumfsms,Batch_3,img05,img05,0.2425722882,0.2465642549,0.5108634569,Batch_3,True,
loso13,best_single_family,kbdh4tri,Batch_3,img04,img04,0.1498423679,0.1571792681,0.692978364,Batch_3,True,
loso13,best_single_family,mgxahqnk,Batch_3,img01,img01,0.1366459422,0.2923801407,0.5709739172,Batch_3,True,
loso13,best_single_family,pl8uabbv,Batch_3,img09,img09,0.6430881346,0.2405747412,0.1163371242,Batch_1,False,
loso13,best_single_family,ptg8lmto,Batch_3,img11,img11,0.1893307911,0.3198857599,0.490783449,Batch_3,True,
loso13,best_single_family,tuy3zymq,Batch_3,img04,img04,0.1158198476,0.1416792077,0.7425009447,Batch_3,True,
loso13,best_single_family,ufdvpb81,Batch_3,img05,img05,0.2972716668,0.3819593148,0.3207690183,Batch_2,False,
loso13,best_single_family,utfgcjfa,Batch_3,img12,img12,0.2244849017,0.3436285021,0.4318865962,Batch_3,True,
loso13,best_single_family,vc2whyaq,Batch_3,img12,img12,0.2013701582,0.4046280942,0.3940017476,Batch_2,False,
loso13,best_single_family,x77cy643,Batch_3,img12,img12,0.1716224579,0.3738830208,0.4544945214,Batch_3,True,
loso13,best_single_family,x7u69zsw,Batch_3,img04,img04,0.1437378185,0.1474777572,0.7087844244,Batch_3,True,
loso13,best_single_family,xgj4xftb,Batch_3,img11,img11,0.1626085221,0.2432675803,0.5941238976,Batch_3,True,
loso13,majority,4ih2ggld,Batch_1,img03,img03,0.1724137931,0.2413793103,0.5862068966,Batch_3,False,
loso13,majority,5n1q8atc,Batch_1,img03,img03,0.1724137931,0.2413793103,0.5862068966,Batch_3,False,
loso13,majority,f1vzngrs,Batch_1,img08,img08,0.2068965517,0.2068965517,0.5862068966,Batch_3,False,
loso13,majority,ffwubibz,Batch_1,img07,img07,0.2142857143,0.2142857143,0.5714285714,Batch_3,False,
loso13,majority,fzrt2k6r,Batch_1,img06,img06,0.2068965517,0.2068965517,0.5862068966,Batch_3,False,
loso13,majority,iv6g2oq0,Batch_1,img10,img10,0.2,0.2333333333,0.5666666667,Batch_3,False,
loso13,majority,uhdslk0o,Batch_1,img13,img13,0.2,0.2333333333,0.5666666667,Batch_3,False,
loso13,majority,3806gxp0,Batch_2,img02,img02,0.2413793103,0.1724137931,0.5862068966,Batch_3,False,
loso13,majority,avn74qx1,Batch_2,img02,img02,0.2413793103,0.1724137931,0.5862068966,Batch_3,False,
loso13,majority,b3esycq1,Batch_2,img06,img06,0.2068965517,0.2068965517,0.5862068966,Batch_3,False,
loso13,majority,epqdaau9,Batch_2,img08,img08,0.2068965517,0.2068965517,0.5862068966,Batch_3,False,
loso13,majority,i9jiqjwl,Batch_2,img09,img09,0.2413793103,0.2068965517,0.5517241379,Batch_3,False,
loso13,majority,r17byphk,Batch_2,img07,img07,0.2142857143,0.2142857143,0.5714285714,Batch_3,False,
loso13,majority,rxax5ozo,Batch_2,img12,img12,0.2592592593,0.2222222222,0.5185185185,Batch_3,False,
loso13,majority,0grcilhi,Batch_3,img01,img01,0.25,0.25,0.5,Batch_3,True,
loso13,majority,71vgq3fw,Batch_3,img04,img04,0.2592592593,0.2592592593,0.4814814815,Batch_3,True,
loso13,majority,9luzk4jm,Batch_3,img05,img05,0.25,0.25,0.5,Batch_3,True,
loso13,majority,cfe5vt7s,Batch_3,img07,img07,0.2142857143,0.2142857143,0.5714285714,Batch_3,True,
loso13,majority,hawkfj64,Batch_3,img01,img01,0.25,0.25,0.5,Batch_3,True,
loso13,majority,hzumfsms,Batch_3,img05,img05,0.25,0.25,0.5,Batch_3,True,
loso13,majority,kbdh4tri,Batch_3,img04,img04,0.2592592593,0.2592592593,0.4814814815,Batch_3,True,
loso13,majority,mgxahqnk,Batch_3,img01,img01,0.25,0.25,0.5,Batch_3,True,
loso13,majority,pl8uabbv,Batch_3,img09,img09,0.2413793103,0.2068965517,0.5517241379,Batch_3,True,
loso13,majority,ptg8lmto,Batch_3,img11,img11,0.2413793103,0.2413793103,0.5172413793,Batch_3,True,
loso13,majority,tuy3zymq,Batch_3,img04,img04,0.2592592593,0.2592592593,0.4814814815,Batch_3,True,
loso13,majority,ufdvpb81,Batch_3,img05,img05,0.25,0.25,0.5,Batch_3,True,
loso13,majority,utfgcjfa,Batch_3,img12,img12,0.2592592593,0.2222222222,0.5185185185,Batch_3,True,
loso13,majority,vc2whyaq,Batch_3,img12,img12,0.2592592593,0.2222222222,0.5185185185,Batch_3,True,
loso13,majority,x77cy643,Batch_3,img12,img12,0.2592592593,0.2222222222,0.5185185185,Batch_3,True,
loso13,majority,x7u69zsw,Batch_3,img04,img04,0.2592592593,0.2592592593,0.4814814815,Batch_3,True,
loso13,majority,xgj4xftb,Batch_3,img11,img11,0.2413793103,0.2413793103,0.5172413793,Batch_3,True,
loco_nbr,A,4ih2ggld,Batch_1,img03,4ih2ggld,0.6681443772,0.2427496076,0.08910601526,Batch_1,True,0.4216965034
loco_nbr,A,5n1q8atc,Batch_1,img03,5n1q8atc,0.7050656462,0.1973461978,0.09758815594,Batch_1,True,0.4216965034
loco_nbr,A,f1vzngrs,Batch_1,img08,f1vzngrs,0.5329227238,0.4253084217,0.04176885447,Batch_1,True,0.4216965034
loco_nbr,A,ffwubibz,Batch_1,img07,ffwubibz,0.141699345,0.4901620143,0.3681386407,Batch_2,False,0.4216965034
loco_nbr,A,fzrt2k6r,Batch_1,img06,fzrt2k6r,0.4593852378,0.4016653614,0.1389494008,Batch_1,True,0.5623413252
loco_nbr,A,iv6g2oq0,Batch_1,img10,iv6g2oq0,0.1146335705,0.7362834883,0.1490829412,Batch_2,False,0.316227766
loco_nbr,A,uhdslk0o,Batch_1,img13,uhdslk0o,0.4871264627,0.3690673201,0.1438062172,Batch_1,True,0.5623413252
loco_nbr,A,3806gxp0,Batch_2,img02,3806gxp0,0.1256757181,0.177714375,0.6966099069,Batch_3,False,0.2371373706
loco_nbr,A,avn74qx1,Batch_2,img02,avn74qx1,0.1026405529,0.6738937801,0.223465667,Batch_2,True,0.4216965034
loco_nbr,A,b3esycq1,Batch_2,img06,b3esycq1,0.5174086243,0.2979959315,0.1845954442,Batch_1,False,0.5623413252
loco_nbr,A,epqdaau9,Batch_2,img08,epqdaau9,0.5251194061,0.3860498384,0.0888307555,Batch_1,False,0.4216965034
loco_nbr,A,i9jiqjwl,Batch_2,img09,i9jiqjwl,0.5774249149,0.279061727,0.143513358,Batch_1,False,0.5623413252
loco_nbr,A,r17byphk,Batch_2,img07,r17byphk,0.1010104406,0.3484688629,0.5505206965,Batch_3,False,0.4216965034
loco_nbr,A,rxax5ozo,Batch_2,img12,rxax5ozo,0.1568428059,0.2024432071,0.640713987,Batch_3,False,0.4216965034
loco_nbr,A,0grcilhi,Batch_3,img01,0grcilhi,0.04048561601,0.2262565447,0.7332578393,Batch_3,True,0.4216965034
loco_nbr,A,71vgq3fw,Batch_3,img04,71vgq3fw,0.09259994509,0.1632683583,0.7441316966,Batch_3,True,0.4216965034
loco_nbr,A,9luzk4jm,Batch_3,img05,9luzk4jm,0.0943161558,0.2313943462,0.674289498,Batch_3,True,0.4216965034
loco_nbr,A,cfe5vt7s,Batch_3,img07,cfe5vt7s,0.2269860898,0.2407043065,0.5323096037,Batch_3,True,0.5623413252
loco_nbr,A,hawkfj64,Batch_3,img01,hawkfj64,0.06713686914,0.2352680084,0.6975951224,Batch_3,True,0.4216965034
loco_nbr,A,hzumfsms,Batch_3,img05,hzumfsms,0.1463051349,0.2149686309,0.6387262342,Batch_3,True,0.4216965034
loco_nbr,A,kbdh4tri,Batch_3,img04,kbdh4tri,0.09722485985,0.2351199133,0.6676552269,Batch_3,True,0.5623413252
loco_nbr,A,mgxahqnk,Batch_3,img01,mgxahqnk,0.05875644924,0.3143198345,0.6269237163,Batch_3,True,0.4216965034
loco_nbr,A,pl8uabbv,Batch_3,img09,pl8uabbv,0.6605573071,0.3160805123,0.02336218054,Batch_1,False,0.316227766
loco_nbr,A,ptg8lmto,Batch_3,img11,ptg8lmto,0.06948124946,0.1935721191,0.7369466314,Batch_3,True,0.4216965034
loco_nbr,A,tuy3zymq,Batch_3,img04,tuy3zymq,0.07743275584,0.1806560206,0.7419112236,Batch_3,True,0.5623413252
loco_nbr,A,ufdvpb81,Batch_3,img05,ufdvpb81,0.06442547156,0.2136441335,0.7219303949,Batch_3,True,0.316227766
loco_nbr,A,utfgcjfa,Batch_3,img12,utfgcjfa,0.1126065146,0.1673495998,0.7200438856,Batch_3,True,0.4216965034
loco_nbr,A,vc2whyaq,Batch_3,img12,vc2whyaq,0.1425595038,0.5238731917,0.3335673045,Batch_2,False,0.4216965034
loco_nbr,A,x77cy643,Batch_3,img12,x77cy643,0.167280828,0.3682267362,0.4644924358,Batch_3,True,0.5623413252
loco_nbr,A,x7u69zsw,Batch_3,img04,x7u69zsw,0.06604563872,0.1225342791,0.8114200821,Batch_3,True,0.4216965034
loco_nbr,A,xgj4xftb,Batch_3,img11,xgj4xftb,0.0374916943,0.155804117,0.8067041887,Batch_3,True,0.4216965034
loco_nbr,uniform_A,4ih2ggld,Batch_1,img03,4ih2ggld,0.8286611051,0.07699890045,0.09433999442,Batch_1,True,0.2371373706
loco_nbr,uniform_A,5n1q8atc,Batch_1,img03,5n1q8atc,0.7816496199,0.1061466037,0.1122037764,Batch_1,True,0.316227766
loco_nbr,uniform_A,f1vzngrs,Batch_1,img08,f1vzngrs,0.4858277646,0.2838941898,0.2302780456,Batch_1,True,0.316227766
loco_nbr,uniform_A,ffwubibz,Batch_1,img07,ffwubibz,0.3106585997,0.5014569561,0.1878844442,Batch_2,False,0.2371373706
loco_nbr,uniform_A,fzrt2k6r,Batch_1,img06,fzrt2k6r,0.4032516482,0.4700162284,0.1267321234,Batch_2,False,0.316227766
loco_nbr,uniform_A,iv6g2oq0,Batch_1,img10,iv6g2oq0,0.09554455671,0.7534967521,0.1509586912,Batch_2,False,0.2371373706
loco_nbr,uniform_A,uhdslk0o,Batch_1,img13,uhdslk0o,0.4697332439,0.3396182925,0.1906484636,Batch_1,True,0.316227766
loco_nbr,uniform_A,3806gxp0,Batch_2,img02,3806gxp0,0.1023898877,0.5904970598,0.3071130526,Batch_2,True,0.2371373706
loco_nbr,uniform_A,avn74qx1,Batch_2,img02,avn74qx1,0.07051861053,0.7422339426,0.1872474469,Batch_2,True,0.2371373706
loco_nbr,uniform_A,b3esycq1,Batch_2,img06,b3esycq1,0.7376900338,0.1583729373,0.1039370289,Batch_1,False,0.2371373706
loco_nbr,uniform_A,epqdaau9,Batch_2,img08,epqdaau9,0.3960940138,0.3428072423,0.2610987438,Batch_1,False,0.316227766
loco_nbr,uniform_A,i9jiqjwl,Batch_2,img09,i9jiqjwl,0.6305646157,0.2164650021,0.1529703822,Batch_1,False,0.2371373706
loco_nbr,uniform_A,r17byphk,Batch_2,img07,r17byphk,0.197946353,0.5358354589,0.2662181881,Batch_2,True,0.316227766
loco_nbr,uniform_A,rxax5ozo,Batch_2,img12,rxax5ozo,0.124190022,0.2760030446,0.5998069334,Batch_3,False,0.316227766
loco_nbr,uniform_A,0grcilhi,Batch_3,img01,0grcilhi,0.07711629964,0.2237776089,0.6991060915,Batch_3,True,0.316227766
loco_nbr,uniform_A,71vgq3fw,Batch_3,img04,71vgq3fw,0.06629631294,0.07113551432,0.8625681727,Batch_3,True,0.2371373706
loco_nbr,uniform_A,9luzk4jm,Batch_3,img05,9luzk4jm,0.2824657969,0.4223100738,0.2952241293,Batch_2,False,0.2371373706
loco_nbr,uniform_A,cfe5vt7s,Batch_3,img07,cfe5vt7s,0.3083604646,0.3887638337,0.3028757017,Batch_2,False,0.316227766
loco_nbr,uniform_A,hawkfj64,Batch_3,img01,hawkfj64,0.1043586206,0.2547366987,0.6409046808,Batch_3,True,0.316227766
loco_nbr,uniform_A,hzumfsms,Batch_3,img05,hzumfsms,0.3290516887,0.4142708625,0.2566774488,Batch_2,False,0.2371373706
loco_nbr,uniform_A,kbdh4tri,Batch_3,img04,kbdh4tri,0.1278932704,0.1482146843,0.7238920453,Batch_3,True,0.316227766
loco_nbr,uniform_A,mgxahqnk,Batch_3,img01,mgxahqnk,0.07002356016,0.2575549412,0.6724214987,Batch_3,True,0.316227766
loco_nbr,uniform_A,pl8uabbv,Batch_3,img09,pl8uabbv,0.4948574763,0.3779221271,0.1272203967,Batch_1,False,0.2371373706
loco_nbr,uniform_A,ptg8lmto,Batch_3,img11,ptg8lmto,0.1627959783,0.2050466205,0.6321574011,Batch_3,True,0.316227766
loco_nbr,uniform_A,tuy3zymq,Batch_3,img04,tuy3zymq,0.06103237362,0.09997024279,0.8389973836,Batch_3,True,0.2371373706
loco_nbr,uniform_A,ufdvpb81,Batch_3,img05,ufdvpb81,0.259549105,0.4504195052,0.2900313898,Batch_2,False,0.2371373706
loco_nbr,uniform_A,utfgcjfa,Batch_3,img12,utfgcjfa,0.1142430432,0.2308746333,0.6548823235,Batch_3,True,0.316227766
loco_nbr,uniform_A,vc2whyaq,Batch_3,img12,vc2whyaq,0.1143374949,0.6591115946,0.2265509105,Batch_2,False,0.316227766
loco_nbr,uniform_A,x77cy643,Batch_3,img12,x77cy643,0.1153398717,0.4190874025,0.4655727257,Batch_3,True,0.316227766
loco_nbr,uniform_A,x7u69zsw,Batch_3,img04,x7u69zsw,0.07439478194,0.07910673082,0.8464984872,Batch_3,True,0.2371373706
loco_nbr,uniform_A,xgj4xftb,Batch_3,img11,xgj4xftb,0.02606725093,0.07827127443,0.8956614746,Batch_3,True,0.2371373706
loco_nbr,B,4ih2ggld,Batch_1,img03,4ih2ggld,0.7287760931,0.1700619073,0.1011619996,Batch_1,True,0.4216965034
loco_nbr,B,5n1q8atc,Batch_1,img03,5n1q8atc,0.7299456477,0.2040467869,0.06600756538,Batch_1,True,0.4216965034
loco_nbr,B,f1vzngrs,Batch_1,img08,f1vzngrs,0.4541533199,0.5201510683,0.02569561172,Batch_2,False,0.4216965034
loco_nbr,B,ffwubibz,Batch_1,img07,ffwubibz,0.04288870843,0.4926923224,0.4644189692,Batch_2,False,0.316227766
loco_nbr,B,fzrt2k6r,Batch_1,img06,fzrt2k6r,0.3847800327,0.4535236034,0.1616963639,Batch_2,False,0.5623413252
loco_nbr,B,iv6g2oq0,Batch_1,img10,iv6g2oq0,0.09054436169,0.8063088915,0.1031467468,Batch_2,False,0.316227766
loco_nbr,B,uhdslk0o,Batch_1,img13,uhdslk0o,0.4300622572,0.3813606563,0.1885770864,Batch_1,True,0.5623413252
loco_nbr,B,3806gxp0,Batch_2,img02,3806gxp0,0.1473253941,0.1065896068,0.7460849991,Batch_3,False,0.2371373706
loco_nbr,B,avn74qx1,Batch_2,img02,avn74qx1,0.1449683759,0.712891549,0.1421400751,Batch_2,True,0.4216965034
loco_nbr,B,b3esycq1,Batch_2,img06,b3esycq1,0.57997078,0.2963713025,0.1236579175,Batch_1,False,0.4216965034
loco_nbr,B,epqdaau9,Batch_2,img08,epqdaau9,0.3854161591,0.5598686393,0.05471520163,Batch_2,True,0.4216965034
loco_nbr,B,i9jiqjwl,Batch_2,img09,i9jiqjwl,0.6379220456,0.2613166986,0.1007612558,Batch_1,False,0.4216965034
loco_nbr,B,r17byphk,Batch_2,img07,r17byphk,0.04652380376,0.3385694733,0.6149067229,Batch_3,False,0.4216965034
loco_nbr,B,rxax5ozo,Batch_2,img12,rxax5ozo,0.2751631192,0.2708051279,0.4540317529,Batch_3,False,0.4216965034
loco_nbr,B,0grcilhi,Batch_3,img01,0grcilhi,0.04743740397,0.2282687294,0.7242938667,Batch_3,True,0.4216965034
loco_nbr,B,71vgq3fw,Batch_3,img04,71vgq3fw,0.07037062874,0.1312124448,0.7984169265,Batch_3,True,0.4216965034
loco_nbr,B,9luzk4jm,Batch_3,img05,9luzk4jm,0.1132198834,0.2489708221,0.6378092945,Batch_3,True,0.5623413252
loco_nbr,B,cfe5vt7s,Batch_3,img07,cfe5vt7s,0.2031844387,0.2269842146,0.5698313467,Batch_3,True,0.5623413252
loco_nbr,B,hawkfj64,Batch_3,img01,hawkfj64,0.07804364332,0.2440345643,0.6779217923,Batch_3,True,0.4216965034
loco_nbr,B,hzumfsms,Batch_3,img05,hzumfsms,0.1764432414,0.2405581167,0.5829986418,Batch_3,True,0.5623413252
loco_nbr,B,kbdh4tri,Batch_3,img04,kbdh4tri,0.07486539792,0.1898006348,0.7353339673,Batch_3,True,0.5623413252
loco_nbr,B,mgxahqnk,Batch_3,img01,mgxahqnk,0.08127815396,0.3352518716,0.5834699744,Batch_3,True,0.4216965034
loco_nbr,B,pl8uabbv,Batch_3,img09,pl8uabbv,0.370358714,0.4323705265,0.1972707595,Batch_2,False,0.4216965034
loco_nbr,B,ptg8lmto,Batch_3,img11,ptg8lmto,0.08455255482,0.20954973,0.7058977152,Batch_3,True,0.4216965034
loco_nbr,B,tuy3zymq,Batch_3,img04,tuy3zymq,0.0554705747,0.1390898744,0.8054395509,Batch_3,True,0.5623413252
loco_nbr,B,ufdvpb81,Batch_3,img05,ufdvpb81,0.2402011042,0.2902453327,0.469553563,Batch_3,True,0.4216965034
loco_nbr,B,utfgcjfa,Batch_3,img12,utfgcjfa,0.1999950317,0.2271519151,0.5728530532,Batch_3,True,0.4216965034
loco_nbr,B,vc2whyaq,Batch_3,img12,vc2whyaq,0.1811364332,0.5394013302,0.2794622366,Batch_2,False,0.4216965034
loco_nbr,B,x77cy643,Batch_3,img12,x77cy643,0.2038339167,0.338100694,0.4580653893,Batch_3,True,0.4216965034
loco_nbr,B,x7u69zsw,Batch_3,img04,x7u69zsw,0.05673474693,0.09362107724,0.8496441758,Batch_3,True,0.4216965034
loco_nbr,B,xgj4xftb,Batch_3,img11,xgj4xftb,0.04452262795,0.1307428544,0.8247345176,Batch_3,True,0.4216965034
loco_nbr,uniform_B,4ih2ggld,Batch_1,img03,4ih2ggld,0.7212546377,0.1183331414,0.1604122209,Batch_1,True,0.316227766
loco_nbr,uniform_B,5n1q8atc,Batch_1,img03,5n1q8atc,0.7737669888,0.1123689722,0.113864039,Batch_1,True,0.316227766
loco_nbr,uniform_B,f1vzngrs,Batch_1,img08,f1vzngrs,0.4291977524,0.3125181119,0.2582841357,Batch_1,True,0.4216965034
loco_nbr,uniform_B,ffwubibz,Batch_1,img07,ffwubibz,0.2931167718,0.4827835327,0.2240996955,Batch_2,False,0.316227766
loco_nbr,uniform_B,fzrt2k6r,Batch_1,img06,fzrt2k6r,0.3418533809,0.5000070173,0.1581396018,Batch_2,False,0.316227766
loco_nbr,uniform_B,iv6g2oq0,Batch_1,img10,iv6g2oq0,0.0721850026,0.7730389642,0.1547760332,Batch_2,False,0.2371373706
loco_nbr,uniform_B,uhdslk0o,Batch_1,img13,uhdslk0o,0.4573912889,0.3201297801,0.222478931,Batch_1,True,0.316227766
loco_nbr,uniform_B,3806gxp0,Batch_2,img02,3806gxp0,0.1256714262,0.5117875365,0.3625410373,Batch_2,True,0.2371373706
loco_nbr,uniform_B,avn74qx1,Batch_2,img02,avn74qx1,0.1280841849,0.6489120442,0.2230037709,Batch_2,True,0.316227766
loco_nbr,uniform_B,b3esycq1,Batch_2,img06,b3esycq1,0.7295566031,0.1672523302,0.1031910668,Batch_1,False,0.2371373706
loco_nbr,uniform_B,epqdaau9,Batch_2,img08,epqdaau9,0.3574004518,0.3642328388,0.2783667093,Batch_2,True,0.4216965034
loco_nbr,uniform_B,i9jiqjwl,Batch_2,img09,i9jiqjwl,0.569452503,0.2500684553,0.1804790417,Batch_1,False,0.316227766
loco_nbr,uniform_B,r17byphk,Batch_2,img07,r17byphk,0.1648802587,0.5316227536,0.3034969877,Batch_2,True,0.316227766
loco_nbr,uniform_B,rxax5ozo,Batch_2,img12,rxax5ozo,0.1519887159,0.3008074427,0.5472038414,Batch_3,False,0.316227766
loco_nbr,uniform_B,0grcilhi,Batch_3,img01,0grcilhi,0.07681979457,0.2283682457,0.6948119597,Batch_3,True,0.316227766
loco_nbr,uniform_B,71vgq3fw,Batch_3,img04,71vgq3fw,0.1051369977,0.1135414192,0.7813215831,Batch_3,True,0.316227766
loco_nbr,uniform_B,9luzk4jm,Batch_3,img05,9luzk4jm,0.3174731163,0.3947458331,0.2877810507,Batch_2,False,0.2371373706
loco_nbr,uniform_B,cfe5vt7s,Batch_3,img07,cfe5vt7s,0.3088886219,0.3752961078,0.3158152702,Batch_2,False,0.316227766
loco_nbr,uniform_B,hawkfj64,Batch_3,img01,hawkfj64,0.1218032843,0.2825238875,0.5956728282,Batch_3,True,0.316227766
loco_nbr,uniform_B,hzumfsms,Batch_3,img05,hzumfsms,0.3665757308,0.4087962122,0.224628057,Batch_2,False,0.2371373706
loco_nbr,uniform_B,kbdh4tri,Batch_3,img04,kbdh4tri,0.1262206588,0.1401319356,0.7336474056,Batch_3,True,0.316227766
loco_nbr,uniform_B,mgxahqnk,Batch_3,img01,mgxahqnk,0.09193515293,0.2783512785,0.6297135685,Batch_3,True,0.316227766
loco_nbr,uniform_B,pl8uabbv,Batch_3,img09,pl8uabbv,0.4111638137,0.3836797041,0.2051564821,Batch_1,False,0.316227766
loco_nbr,uniform_B,ptg8lmto,Batch_3,img11,ptg8lmto,0.1724467033,0.2054037869,0.6221495098,Batch_3,True,0.316227766
loco_nbr,uniform_B,tuy3zymq,Batch_3,img04,tuy3zymq,0.1003262038,0.144511573,0.7551622231,Batch_3,True,0.316227766
loco_nbr,uniform_B,ufdvpb81,Batch_3,img05,ufdvpb81,0.3472421072,0.4218404769,0.2309174158,Batch_2,False,0.2371373706
loco_nbr,uniform_B,utfgcjfa,Batch_3,img12,utfgcjfa,0.1804460614,0.2884763327,0.5310776059,Batch_3,True,0.4216965034
loco_nbr,uniform_B,vc2whyaq,Batch_3,img12,vc2whyaq,0.1204904276,0.6313722548,0.2481373176,Batch_2,False,0.316227766
loco_nbr,uniform_B,x77cy643,Batch_3,img12,x77cy643,0.1450577514,0.4115912081,0.4433510406,Batch_3,True,0.316227766
loco_nbr,uniform_B,x7u69zsw,Batch_3,img04,x7u69zsw,0.1138668876,0.1178298467,0.7683032658,Batch_3,True,0.316227766
loco_nbr,uniform_B,xgj4xftb,Batch_3,img11,xgj4xftb,0.06488503106,0.1176437306,0.8174712383,Batch_3,True,0.316227766
loco_nbr,acquisition,4ih2ggld,Batch_1,img03,4ih2ggld,0.8939699166,0.0976820398,0.008348043567,Batch_1,True,0.2371373706
loco_nbr,acquisition,5n1q8atc,Batch_1,img03,5n1q8atc,0.9032185223,0.08766182231,0.009119655428,Batch_1,True,0.2371373706
loco_nbr,acquisition,f1vzngrs,Batch_1,img08,f1vzngrs,0.4996833552,0.4340386272,0.06627801757,Batch_1,True,0.316227766
loco_nbr,acquisition,ffwubibz,Batch_1,img07,ffwubibz,0.6044677421,0.2916734064,0.1038588514,Batch_1,True,0.316227766
loco_nbr,acquisition,fzrt2k6r,Batch_1,img06,fzrt2k6r,0.5757940496,0.3819183706,0.04228757987,Batch_1,True,0.2371373706
loco_nbr,acquisition,iv6g2oq0,Batch_1,img10,iv6g2oq0,0.6318477433,0.3599130301,0.008239226597,Batch_1,True,0.2371373706
loco_nbr,acquisition,uhdslk0o,Batch_1,img13,uhdslk0o,0.6553564078,0.3080595835,0.03658400876,Batch_1,True,0.316227766
loco_nbr,acquisition,3806gxp0,Batch_2,img02,3806gxp0,0.1375861145,0.7875476166,0.07486626894,Batch_2,True,0.316227766
loco_nbr,acquisition,avn74qx1,Batch_2,img02,avn74qx1,0.1806762022,0.7511376051,0.06818619278,Batch_2,True,0.316227766
loco_nbr,acquisition,b3esycq1,Batch_2,img06,b3esycq1,0.917911268,0.03273908653,0.04934964544,Batch_1,False,0.2371373706
loco_nbr,acquisition,epqdaau9,Batch_2,img08,epqdaau9,0.4325297335,0.492371545,0.07509872153,Batch_2,True,0.316227766
loco_nbr,acquisition,i9jiqjwl,Batch_2,img09,i9jiqjwl,0.4800197328,0.4257551482,0.09422511898,Batch_1,False,0.316227766
loco_nbr,acquisition,r17byphk,Batch_2,img07,r17byphk,0.5228013861,0.3381159458,0.139082668,Batch_1,False,0.316227766
loco_nbr,acquisition,rxax5ozo,Batch_2,img12,rxax5ozo,0.04642908056,0.1880352354,0.765535684,Batch_3,False,0.316227766
loco_nbr,acquisition,0grcilhi,Batch_3,img01,0grcilhi,0.03499564963,0.1283661563,0.8366381941,Batch_3,True,0.316227766
loco_nbr,acquisition,71vgq3fw,Batch_3,img04,71vgq3fw,0.02901093769,0.08803854287,0.8829505194,Batch_3,True,0.316227766
loco_nbr,acquisition,9luzk4jm,Batch_3,img05,9luzk4jm,0.1034758067,0.2109715064,0.6855526869,Batch_3,True,0.316227766
loco_nbr,acquisition,cfe5vt7s,Batch_3,img07,cfe5vt7s,0.7644651257,0.1637760943,0.07175877995,Batch_1,False,0.316227766
loco_nbr,acquisition,hawkfj64,Batch_3,img01,hawkfj64,0.04384606275,0.1475472143,0.8086067229,Batch_3,True,0.316227766
loco_nbr,acquisition,hzumfsms,Batch_3,img05,hzumfsms,0.1030902885,0.2040557395,0.692853972,Batch_3,True,0.316227766
loco_nbr,acquisition,kbdh4tri,Batch_3,img04,kbdh4tri,0.05586197243,0.1242741546,0.819863873,Batch_3,True,0.316227766
loco_nbr,acquisition,mgxahqnk,Batch_3,img01,mgxahqnk,0.02341983111,0.09841040913,0.8781697598,Batch_3,True,0.316227766
loco_nbr,acquisition,pl8uabbv,Batch_3,img09,pl8uabbv,0.3520435718,0.6419507351,0.00600569318,Batch_2,False,0.2371373706
loco_nbr,acquisition,ptg8lmto,Batch_3,img11,ptg8lmto,0.05589352775,0.3073327648,0.6367737075,Batch_3,True,0.2371373706
loco_nbr,acquisition,tuy3zymq,Batch_3,img04,tuy3zymq,0.04282401125,0.1049214664,0.8522545224,Batch_3,True,0.316227766
loco_nbr,acquisition,ufdvpb81,Batch_3,img05,ufdvpb81,0.04151787373,0.1693216652,0.7891604611,Batch_3,True,0.316227766
loco_nbr,acquisition,utfgcjfa,Batch_3,img12,utfgcjfa,0.03768059708,0.1650915868,0.7972278162,Batch_3,True,0.316227766
loco_nbr,acquisition,vc2whyaq,Batch_3,img12,vc2whyaq,0.08877019691,0.5967801499,0.3144496532,Batch_2,False,0.316227766
loco_nbr,acquisition,x77cy643,Batch_3,img12,x77cy643,0.03192534897,0.4793379937,0.4887366573,Batch_3,True,0.316227766
loco_nbr,acquisition,x7u69zsw,Batch_3,img04,x7u69zsw,0.0269228474,0.06924940813,0.9038277445,Batch_3,True,0.316227766
loco_nbr,acquisition,xgj4xftb,Batch_3,img11,xgj4xftb,0.06938174752,0.1547849557,0.7758332968,Batch_3,True,0.2371373706
loco_nbr,dinov2s_legacy,4ih2ggld,Batch_1,img03,4ih2ggld,0.4936986144,0.2549524733,0.2513489123,Batch_1,True,0.4216965034
loco_nbr,dinov2s_legacy,5n1q8atc,Batch_1,img03,5n1q8atc,0.5626601185,0.2441286059,0.1932112756,Batch_1,True,0.4216965034
loco_nbr,dinov2s_legacy,f1vzngrs,Batch_1,img08,f1vzngrs,0.4254225676,0.3275355167,0.2470419156,Batch_1,True,0.4216965034
loco_nbr,dinov2s_legacy,ffwubibz,Batch_1,img07,ffwubibz,0.194408998,0.5817536417,0.2238373603,Batch_2,False,0.2371373706
loco_nbr,dinov2s_legacy,fzrt2k6r,Batch_1,img06,fzrt2k6r,0.2103991929,0.5019223164,0.2876784906,Batch_2,False,0.4216965034
loco_nbr,dinov2s_legacy,iv6g2oq0,Batch_1,img10,iv6g2oq0,0.2160263638,0.6307595475,0.1532140887,Batch_2,False,0.316227766
loco_nbr,dinov2s_legacy,uhdslk0o,Batch_1,img13,uhdslk0o,0.40964335,0.3627607267,0.2275959233,Batch_1,True,0.4216965034
loco_nbr,dinov2s_legacy,3806gxp0,Batch_2,img02,3806gxp0,0.2260521029,0.5468360692,0.227111828,Batch_2,True,0.4216965034
loco_nbr,dinov2s_legacy,avn74qx1,Batch_2,img02,avn74qx1,0.2330460971,0.5380470911,0.2289068118,Batch_2,True,0.4216965034
loco_nbr,dinov2s_legacy,b3esycq1,Batch_2,img06,b3esycq1,0.6207018236,0.1726060844,0.206692092,Batch_1,False,0.316227766
loco_nbr,dinov2s_legacy,epqdaau9,Batch_2,img08,epqdaau9,0.541167394,0.2942881957,0.1645444104,Batch_1,False,0.4216965034
loco_nbr,dinov2s_legacy,i9jiqjwl,Batch_2,img09,i9jiqjwl,0.4613702207,0.3219662049,0.2166635744,Batch_1,False,0.316227766
loco_nbr,dinov2s_legacy,r17byphk,Batch_2,img07,r17byphk,0.1020268669,0.2061026405,0.6918704926,Batch_3,False,0.316227766
loco_nbr,dinov2s_legacy,rxax5ozo,Batch_2,img12,rxax5ozo,0.2552436129,0.419003736,0.3257526511,Batch_2,True,0.5623413252
loco_nbr,dinov2s_legacy,0grcilhi,Batch_3,img01,0grcilhi,0.1504991377,0.3221131848,0.5273876775,Batch_3,True,0.316227766
loco_nbr,dinov2s_legacy,71vgq3fw,Batch_3,img04,71vgq3fw,0.199848657,0.2047693564,0.5953819867,Batch_3,True,0.5623413252
loco_nbr,dinov2s_legacy,9luzk4jm,Batch_3,img05,9luzk4jm,0.256521599,0.3343558215,0.4091225794,Batch_3,True,0.5623413252
loco_nbr,dinov2s_legacy,cfe5vt7s,Batch_3,img07,cfe5vt7s,0.2235499926,0.2813812467,0.4950687607,Batch_3,True,0.5623413252
loco_nbr,dinov2s_legacy,hawkfj64,Batch_3,img01,hawkfj64,0.3693542497,0.3063441616,0.3243015887,Batch_1,False,0.316227766
loco_nbr,dinov2s_legacy,hzumfsms,Batch_3,img05,hzumfsms,0.2549357422,0.3267097947,0.418354463,Batch_3,True,0.5623413252
loco_nbr,dinov2s_legacy,kbdh4tri,Batch_3,img04,kbdh4tri,0.258478955,0.2637417743,0.4777792706,Batch_3,True,1
loco_nbr,dinov2s_legacy,mgxahqnk,Batch_3,img01,mgxahqnk,0.3656150719,0.3594798408,0.2749050873,Batch_1,False,0.316227766
loco_nbr,dinov2s_legacy,pl8uabbv,Batch_3,img09,pl8uabbv,0.3279804022,0.4028065635,0.2692130343,Batch_2,False,0.4216965034
loco_nbr,dinov2s_legacy,ptg8lmto,Batch_3,img11,ptg8lmto,0.1323049783,0.2264869153,0.6412081064,Batch_3,True,0.4216965034
loco_nbr,dinov2s_legacy,tuy3zymq,Batch_3,img04,tuy3zymq,0.2497077513,0.2665449454,0.4837473033,Batch_3,True,1
loco_nbr,dinov2s_legacy,ufdvpb81,Batch_3,img05,ufdvpb81,0.2711460164,0.3614553413,0.3673986422,Batch_3,True,0.4216965034
loco_nbr,dinov2s_legacy,utfgcjfa,Batch_3,img12,utfgcjfa,0.2368359713,0.3975702737,0.365593755,Batch_2,False,0.7498942093
loco_nbr,dinov2s_legacy,vc2whyaq,Batch_3,img12,vc2whyaq,0.2056189537,0.4350735575,0.3593074888,Batch_2,False,0.5623413252
loco_nbr,dinov2s_legacy,x77cy643,Batch_3,img12,x77cy643,0.230259368,0.4608881394,0.3088524927,Batch_2,False,0.7498942093
loco_nbr,dinov2s_legacy,x7u69zsw,Batch_3,img04,x7u69zsw,0.2364873337,0.1792847251,0.5842279412,Batch_3,True,0.5623413252
loco_nbr,dinov2s_legacy,xgj4xftb,Batch_3,img11,xgj4xftb,0.1893379046,0.1685234043,0.6421386911,Batch_3,True,0.4216965034
loco_nbr,family:emb_convnextb,4ih2ggld,Batch_1,img03,4ih2ggld,0.4872970223,0.2392783215,0.2734246562,Batch_1,True,
loco_nbr,family:emb_convnextb,5n1q8atc,Batch_1,img03,5n1q8atc,0.6032277807,0.1962439407,0.2005282786,Batch_1,True,
loco_nbr,family:emb_convnextb,f1vzngrs,Batch_1,img08,f1vzngrs,0.5644158356,0.3207465735,0.1148375909,Batch_1,True,
loco_nbr,family:emb_convnextb,ffwubibz,Batch_1,img07,ffwubibz,0.4193563956,0.3834857442,0.1971578602,Batch_1,True,
loco_nbr,family:emb_convnextb,fzrt2k6r,Batch_1,img06,fzrt2k6r,0.3269166343,0.4043066847,0.268776681,Batch_2,False,
loco_nbr,family:emb_convnextb,iv6g2oq0,Batch_1,img10,iv6g2oq0,0.2714611915,0.4825000376,0.2460387709,Batch_2,False,
loco_nbr,family:emb_convnextb,uhdslk0o,Batch_1,img13,uhdslk0o,0.4165186456,0.3428721429,0.2406092115,Batch_1,True,
loco_nbr,family:emb_convnextb,3806gxp0,Batch_2,img02,3806gxp0,0.1649388316,0.6365942526,0.1984669158,Batch_2,True,
loco_nbr,family:emb_convnextb,avn74qx1,Batch_2,img02,avn74qx1,0.231564894,0.619352104,0.149083002,Batch_2,True,
loco_nbr,family:emb_convnextb,b3esycq1,Batch_2,img06,b3esycq1,0.4592737001,0.3135317188,0.2271945811,Batch_1,False,
loco_nbr,family:emb_convnextb,epqdaau9,Batch_2,img08,epqdaau9,0.4302410007,0.4098905526,0.1598684467,Batch_1,False,
loco_nbr,family:emb_convnextb,i9jiqjwl,Batch_2,img09,i9jiqjwl,0.4335010137,0.3722462814,0.1942527049,Batch_1,False,
loco_nbr,family:emb_convnextb,r17byphk,Batch_2,img07,r17byphk,0.3175175622,0.3818391374,0.3006433004,Batch_2,True,
loco_nbr,family:emb_convnextb,rxax5ozo,Batch_2,img12,rxax5ozo,0.2980284081,0.2736631488,0.4283084431,Batch_3,False,
loco_nbr,family:emb_convnextb,0grcilhi,Batch_3,img01,0grcilhi,0.1529227643,0.09016046735,0.7569167684,Batch_3,True,
loco_nbr,family:emb_convnextb,71vgq3fw,Batch_3,img04,71vgq3fw,0.1779798129,0.1278942242,0.694125963,Batch_3,True,
loco_nbr,family:emb_convnextb,9luzk4jm,Batch_3,img05,9luzk4jm,0.1967657526,0.1610106301,0.6422236173,Batch_3,True,
loco_nbr,family:emb_convnextb,cfe5vt7s,Batch_3,img07,cfe5vt7s,0.3250026486,0.3368499743,0.3381473771,Batch_3,True,
loco_nbr,family:emb_convnextb,hawkfj64,Batch_3,img01,hawkfj64,0.1827841606,0.2067233841,0.6104924554,Batch_3,True,
loco_nbr,family:emb_convnextb,hzumfsms,Batch_3,img05,hzumfsms,0.2780792481,0.1480015257,0.5739192261,Batch_3,True,
loco_nbr,family:emb_convnextb,kbdh4tri,Batch_3,img04,kbdh4tri,0.1451002332,0.1434821102,0.7114176566,Batch_3,True,
loco_nbr,family:emb_convnextb,mgxahqnk,Batch_3,img01,mgxahqnk,0.08963621246,0.1848461301,0.7255176575,Batch_3,True,
loco_nbr,family:emb_convnextb,pl8uabbv,Batch_3,img09,pl8uabbv,0.3845330895,0.4078405734,0.2076263371,Batch_2,False,
loco_nbr,family:emb_convnextb,ptg8lmto,Batch_3,img11,ptg8lmto,0.188279802,0.3110190604,0.5007011377,Batch_3,True,
loco_nbr,family:emb_convnextb,tuy3zymq,Batch_3,img04,tuy3zymq,0.1073673823,0.1330166077,0.75961601,Batch_3,True,
loco_nbr,family:emb_convnextb,ufdvpb81,Batch_3,img05,ufdvpb81,0.2063055777,0.2808674495,0.5128269728,Batch_3,True,
loco_nbr,family:emb_convnextb,utfgcjfa,Batch_3,img12,utfgcjfa,0.3135542688,0.248268074,0.4381776572,Batch_3,True,
loco_nbr,family:emb_convnextb,vc2whyaq,Batch_3,img12,vc2whyaq,0.2048382825,0.4392564979,0.3559052196,Batch_2,False,
loco_nbr,family:emb_convnextb,x77cy643,Batch_3,img12,x77cy643,0.2508585531,0.3822193178,0.3669221292,Batch_2,False,
loco_nbr,family:emb_convnextb,x7u69zsw,Batch_3,img04,x7u69zsw,0.1251527213,0.1295664702,0.7452808085,Batch_3,True,
loco_nbr,family:emb_convnextb,xgj4xftb,Batch_3,img11,xgj4xftb,0.1529681285,0.2256882081,0.6213436634,Batch_3,True,
loco_nbr,family:emb_dinov2l,4ih2ggld,Batch_1,img03,4ih2ggld,0.5099838584,0.2567232698,0.2332928719,Batch_1,True,
loco_nbr,family:emb_dinov2l,5n1q8atc,Batch_1,img03,5n1q8atc,0.6857953173,0.1892879587,0.124916724,Batch_1,True,
loco_nbr,family:emb_dinov2l,f1vzngrs,Batch_1,img08,f1vzngrs,0.4597166174,0.4439944721,0.09628891056,Batch_1,True,
loco_nbr,family:emb_dinov2l,ffwubibz,Batch_1,img07,ffwubibz,0.3383494611,0.4438365431,0.2178139958,Batch_2,False,
loco_nbr,family:emb_dinov2l,fzrt2k6r,Batch_1,img06,fzrt2k6r,0.3808849235,0.3936019684,0.2255131081,Batch_2,False,
loco_nbr,family:emb_dinov2l,iv6g2oq0,Batch_1,img10,iv6g2oq0,0.2687274837,0.495173095,0.2360994213,Batch_2,False,
loco_nbr,family:emb_dinov2l,uhdslk0o,Batch_1,img13,uhdslk0o,0.4560901476,0.3534451223,0.1904647301,Batch_1,True,
loco_nbr,family:emb_dinov2l,3806gxp0,Batch_2,img02,3806gxp0,0.2725885237,0.4951472118,0.2322642645,Batch_2,True,
loco_nbr,family:emb_dinov2l,avn74qx1,Batch_2,img02,avn74qx1,0.23565052,0.5757540383,0.1885954417,Batch_2,True,
loco_nbr,family:emb_dinov2l,b3esycq1,Batch_2,img06,b3esycq1,0.5094726822,0.2631677378,0.22735958,Batch_1,False,
loco_nbr,family:emb_dinov2l,epqdaau9,Batch_2,img08,epqdaau9,0.3931956799,0.4568539071,0.149950413,Batch_2,True,
loco_nbr,family:emb_dinov2l,i9jiqjwl,Batch_2,img09,i9jiqjwl,0.5237137187,0.2694051334,0.2068811479,Batch_1,False,
loco_nbr,family:emb_dinov2l,r17byphk,Batch_2,img07,r17byphk,0.2445769708,0.3540688563,0.4013541728,Batch_3,False,
loco_nbr,family:emb_dinov2l,rxax5ozo,Batch_2,img12,rxax5ozo,0.2382234309,0.3100360609,0.4517405082,Batch_3,False,
loco_nbr,family:emb_dinov2l,0grcilhi,Batch_3,img01,0grcilhi,0.1027294826,0.195091653,0.7021788644,Batch_3,True,
loco_nbr,family:emb_dinov2l,71vgq3fw,Batch_3,img04,71vgq3fw,0.151222044,0.1220462001,0.7267317559,Batch_3,True,
loco_nbr,family:emb_dinov2l,9luzk4jm,Batch_3,img05,9luzk4jm,0.1363251771,0.1942683066,0.6694065163,Batch_3,True,
loco_nbr,family:emb_dinov2l,cfe5vt7s,Batch_3,img07,cfe5vt7s,0.2787630609,0.324154878,0.3970820611,Batch_3,True,
loco_nbr,family:emb_dinov2l,hawkfj64,Batch_3,img01,hawkfj64,0.1516075408,0.2676862498,0.5807062094,Batch_3,True,
loco_nbr,family:emb_dinov2l,hzumfsms,Batch_3,img05,hzumfsms,0.1502725018,0.2041512777,0.6455762205,Batch_3,True,
loco_nbr,family:emb_dinov2l,kbdh4tri,Batch_3,img04,kbdh4tri,0.1223312504,0.1214135857,0.756255164,Batch_3,True,
loco_nbr,family:emb_dinov2l,mgxahqnk,Batch_3,img01,mgxahqnk,0.1376255391,0.2754324496,0.5869420113,Batch_3,True,
loco_nbr,family:emb_dinov2l,pl8uabbv,Batch_3,img09,pl8uabbv,0.3548475422,0.3960143895,0.2491380683,Batch_2,False,
loco_nbr,family:emb_dinov2l,ptg8lmto,Batch_3,img11,ptg8lmto,0.1600622037,0.238547554,0.6013902423,Batch_3,True,
loco_nbr,family:emb_dinov2l,tuy3zymq,Batch_3,img04,tuy3zymq,0.08738272881,0.1086556287,0.8039616425,Batch_3,True,
loco_nbr,family:emb_dinov2l,ufdvpb81,Batch_3,img05,ufdvpb81,0.2696560167,0.2820656593,0.448278324,Batch_3,True,
loco_nbr,family:emb_dinov2l,utfgcjfa,Batch_3,img12,utfgcjfa,0.1908653734,0.3198894416,0.4892451851,Batch_3,True,
loco_nbr,family:emb_dinov2l,vc2whyaq,Batch_3,img12,vc2whyaq,0.165706394,0.4809948917,0.3532987142,Batch_2,False,
loco_nbr,family:emb_dinov2l,x77cy643,Batch_3,img12,x77cy643,0.1403573241,0.4961598634,0.3634828125,Batch_2,False,
loco_nbr,family:emb_dinov2l,x7u69zsw,Batch_3,img04,x7u69zsw,0.1376887115,0.1167067129,0.7456045756,Batch_3,True,
loco_nbr,family:emb_dinov2l,xgj4xftb,Batch_3,img11,xgj4xftb,0.1213807426,0.1683109237,0.7103083337,Batch_3,True,
loco_nbr,family:emb_dinov3l,4ih2ggld,Batch_1,img03,4ih2ggld,0.5313517194,0.2349104222,0.2337378583,Batch_1,True,
loco_nbr,family:emb_dinov3l,5n1q8atc,Batch_1,img03,5n1q8atc,0.680994233,0.1873095365,0.1316962306,Batch_1,True,
loco_nbr,family:emb_dinov3l,f1vzngrs,Batch_1,img08,f1vzngrs,0.5172132294,0.3863302078,0.09645656284,Batch_1,True,
loco_nbr,family:emb_dinov3l,ffwubibz,Batch_1,img07,ffwubibz,0.346169986,0.4256812843,0.2281487298,Batch_2,False,
loco_nbr,family:emb_dinov3l,fzrt2k6r,Batch_1,img06,fzrt2k6r,0.372138473,0.426355232,0.201506295,Batch_2,False,
loco_nbr,family:emb_dinov3l,iv6g2oq0,Batch_1,img10,iv6g2oq0,0.2647110211,0.513719682,0.2215692969,Batch_2,False,
loco_nbr,family:emb_dinov3l,uhdslk0o,Batch_1,img13,uhdslk0o,0.4702110729,0.3494140156,0.1803749114,Batch_1,True,
loco_nbr,family:emb_dinov3l,3806gxp0,Batch_2,img02,3806gxp0,0.2239953414,0.5488175195,0.2271871391,Batch_2,True,
loco_nbr,family:emb_dinov3l,avn74qx1,Batch_2,img02,avn74qx1,0.2360668123,0.575374743,0.1885584447,Batch_2,True,
loco_nbr,family:emb_dinov3l,b3esycq1,Batch_2,img06,b3esycq1,0.5058824422,0.273513551,0.2206040068,Batch_1,False,
loco_nbr,family:emb_dinov3l,epqdaau9,Batch_2,img08,epqdaau9,0.4203300391,0.4272429555,0.1524270053,Batch_2,True,
loco_nbr,family:emb_dinov3l,i9jiqjwl,Batch_2,img09,i9jiqjwl,0.5072901509,0.3079012849,0.1848085642,Batch_1,False,
loco_nbr,family:emb_dinov3l,r17byphk,Batch_2,img07,r17byphk,0.2509720495,0.346649336,0.4023786145,Batch_3,False,
loco_nbr,family:emb_dinov3l,rxax5ozo,Batch_2,img12,rxax5ozo,0.2407504611,0.2924337558,0.4668157831,Batch_3,False,
loco_nbr,family:emb_dinov3l,0grcilhi,Batch_3,img01,0grcilhi,0.1277658327,0.1767626083,0.6954715589,Batch_3,True,
loco_nbr,family:emb_dinov3l,71vgq3fw,Batch_3,img04,71vgq3fw,0.1523632706,0.1264870219,0.7211497075,Batch_3,True,
loco_nbr,family:emb_dinov3l,9luzk4jm,Batch_3,img05,9luzk4jm,0.1518717395,0.1833793798,0.6647488806,Batch_3,True,
loco_nbr,family:emb_dinov3l,cfe5vt7s,Batch_3,img07,cfe5vt7s,0.2815635951,0.2943808515,0.4240555534,Batch_3,True,
loco_nbr,family:emb_dinov3l,hawkfj64,Batch_3,img01,hawkfj64,0.1619941212,0.2877721464,0.5502337325,Batch_3,True,
loco_nbr,family:emb_dinov3l,hzumfsms,Batch_3,img05,hzumfsms,0.1815151555,0.1727244351,0.6457604094,Batch_3,True,
loco_nbr,family:emb_dinov3l,kbdh4tri,Batch_3,img04,kbdh4tri,0.1176844096,0.115570104,0.7667454865,Batch_3,True,
loco_nbr,family:emb_dinov3l,mgxahqnk,Batch_3,img01,mgxahqnk,0.1119462663,0.3044795533,0.5835741803,Batch_3,True,
loco_nbr,family:emb_dinov3l,pl8uabbv,Batch_3,img09,pl8uabbv,0.3421217856,0.4087138727,0.2491643417,Batch_2,False,
loco_nbr,family:emb_dinov3l,ptg8lmto,Batch_3,img11,ptg8lmto,0.1408907061,0.2370869626,0.6220223313,Batch_3,True,
loco_nbr,family:emb_dinov3l,tuy3zymq,Batch_3,img04,tuy3zymq,0.08979704931,0.1022827504,0.8079202003,Batch_3,True,
loco_nbr,family:emb_dinov3l,ufdvpb81,Batch_3,img05,ufdvpb81,0.2248100245,0.3217631567,0.4534268189,Batch_3,True,
loco_nbr,family:emb_dinov3l,utfgcjfa,Batch_3,img12,utfgcjfa,0.2150916885,0.3006195985,0.484288713,Batch_3,True,
loco_nbr,family:emb_dinov3l,vc2whyaq,Batch_3,img12,vc2whyaq,0.1680900864,0.465703184,0.3662067296,Batch_2,False,
loco_nbr,family:emb_dinov3l,x77cy643,Batch_3,img12,x77cy643,0.1440685156,0.4977455061,0.3581859784,Batch_2,False,
loco_nbr,family:emb_dinov3l,x7u69zsw,Batch_3,img04,x7u69zsw,0.1388632009,0.1171764925,0.7439603065,Batch_3,True,
loco_nbr,family:emb_dinov3l,xgj4xftb,Batch_3,img11,xgj4xftb,0.07610153116,0.1434346794,0.7804637895,Batch_3,True,
loco_nbr,family:emb_micronet,4ih2ggld,Batch_1,img03,4ih2ggld,0.6573819254,0.2416788754,0.1009391991,Batch_1,True,
loco_nbr,family:emb_micronet,5n1q8atc,Batch_1,img03,5n1q8atc,0.7368134026,0.1447874603,0.1183991371,Batch_1,True,
loco_nbr,family:emb_micronet,f1vzngrs,Batch_1,img08,f1vzngrs,0.2686356898,0.430579749,0.3007845611,Batch_2,False,
loco_nbr,family:emb_micronet,ffwubibz,Batch_1,img07,ffwubibz,0.3197928368,0.352766237,0.3274409263,Batch_2,False,
loco_nbr,family:emb_micronet,fzrt2k6r,Batch_1,img06,fzrt2k6r,0.3593876575,0.3951997804,0.2454125622,Batch_2,False,
loco_nbr,family:emb_micronet,iv6g2oq0,Batch_1,img10,iv6g2oq0,0.1853798908,0.5256259269,0.2889941824,Batch_2,False,
loco_nbr,family:emb_micronet,uhdslk0o,Batch_1,img13,uhdslk0o,0.4053316901,0.2550734739,0.3395948359,Batch_1,True,
loco_nbr,family:emb_micronet,3806gxp0,Batch_2,img02,3806gxp0,0.1745482486,0.6014892636,0.2239624878,Batch_2,True,
loco_nbr,family:emb_micronet,avn74qx1,Batch_2,img02,avn74qx1,0.2168528322,0.6066410519,0.176506116,Batch_2,True,
loco_nbr,family:emb_micronet,b3esycq1,Batch_2,img06,b3esycq1,0.5172962034,0.2333318566,0.24937194,Batch_1,False,
loco_nbr,family:emb_micronet,epqdaau9,Batch_2,img08,epqdaau9,0.287964795,0.462727584,0.249307621,Batch_2,True,
loco_nbr,family:emb_micronet,i9jiqjwl,Batch_2,img09,i9jiqjwl,0.5694092344,0.2316494556,0.19894131,Batch_1,False,
loco_nbr,family:emb_micronet,r17byphk,Batch_2,img07,r17byphk,0.2852908737,0.4168602764,0.2978488499,Batch_2,True,
loco_nbr,family:emb_micronet,rxax5ozo,Batch_2,img12,rxax5ozo,0.2052212794,0.1331911614,0.6615875592,Batch_3,False,
loco_nbr,family:emb_micronet,0grcilhi,Batch_3,img01,0grcilhi,0.2079208366,0.2207651012,0.5713140622,Batch_3,True,
loco_nbr,family:emb_micronet,71vgq3fw,Batch_3,img04,71vgq3fw,0.1627641632,0.1278662036,0.7093696332,Batch_3,True,
loco_nbr,family:emb_micronet,9luzk4jm,Batch_3,img05,9luzk4jm,0.2850132825,0.3447291369,0.3702575806,Batch_3,True,
loco_nbr,family:emb_micronet,cfe5vt7s,Batch_3,img07,cfe5vt7s,0.2931325508,0.3797312205,0.3271362287,Batch_2,False,
loco_nbr,family:emb_micronet,hawkfj64,Batch_3,img01,hawkfj64,0.2037741003,0.2787052345,0.5175206653,Batch_3,True,
loco_nbr,family:emb_micronet,hzumfsms,Batch_3,img05,hzumfsms,0.3312079887,0.2961322812,0.3726597301,Batch_3,True,
loco_nbr,family:emb_micronet,kbdh4tri,Batch_3,img04,kbdh4tri,0.1624906005,0.1368751242,0.7006342753,Batch_3,True,
loco_nbr,family:emb_micronet,mgxahqnk,Batch_3,img01,mgxahqnk,0.1535402108,0.2540520631,0.5924077261,Batch_3,True,
loco_nbr,family:emb_micronet,pl8uabbv,Batch_3,img09,pl8uabbv,0.5454751692,0.3424474215,0.1120774094,Batch_1,False,
loco_nbr,family:emb_micronet,ptg8lmto,Batch_3,img11,ptg8lmto,0.2362989362,0.2149030028,0.548798061,Batch_3,True,
loco_nbr,family:emb_micronet,tuy3zymq,Batch_3,img04,tuy3zymq,0.1709946156,0.1783274558,0.6506779286,Batch_3,True,
loco_nbr,family:emb_micronet,ufdvpb81,Batch_3,img05,ufdvpb81,0.2921532647,0.2770418856,0.4308048498,Batch_3,True,
loco_nbr,family:emb_micronet,utfgcjfa,Batch_3,img12,utfgcjfa,0.2458721402,0.1611780789,0.5929497809,Batch_3,True,
loco_nbr,family:emb_micronet,vc2whyaq,Batch_3,img12,vc2whyaq,0.1562138421,0.5812246094,0.2625615485,Batch_2,False,
loco_nbr,family:emb_micronet,x77cy643,Batch_3,img12,x77cy643,0.2397109317,0.3966120969,0.3636769714,Batch_2,False,
loco_nbr,family:emb_micronet,x7u69zsw,Batch_3,img04,x7u69zsw,0.1632608955,0.121635981,0.7151031235,Batch_3,True,
loco_nbr,family:emb_micronet,xgj4xftb,Batch_3,img11,xgj4xftb,0.1374483063,0.1380496812,0.7245020125,Batch_3,True,
loco_nbr,family:fbank,4ih2ggld,Batch_1,img03,4ih2ggld,0.5769836759,0.1945347932,0.2284815309,Batch_1,True,
loco_nbr,family:fbank,5n1q8atc,Batch_1,img03,5n1q8atc,0.7249722004,0.1389124609,0.1361153387,Batch_1,True,
loco_nbr,family:fbank,f1vzngrs,Batch_1,img08,f1vzngrs,0.5000300579,0.07204262744,0.4279273147,Batch_1,True,
loco_nbr,family:fbank,ffwubibz,Batch_1,img07,ffwubibz,0.388927514,0.3900205986,0.2210518874,Batch_2,False,
loco_nbr,family:fbank,fzrt2k6r,Batch_1,img06,fzrt2k6r,0.3880187162,0.3131251886,0.2988560951,Batch_1,True,
loco_nbr,family:fbank,iv6g2oq0,Batch_1,img10,iv6g2oq0,0.1915503966,0.4044156828,0.4040339206,Batch_2,False,
loco_nbr,family:fbank,uhdslk0o,Batch_1,img13,uhdslk0o,0.4080032906,0.3297862589,0.2622104504,Batch_1,True,
loco_nbr,family:fbank,3806gxp0,Batch_2,img02,3806gxp0,0.1341108006,0.4432205975,0.4226686019,Batch_2,True,
loco_nbr,family:fbank,avn74qx1,Batch_2,img02,avn74qx1,0.08960259283,0.5237134296,0.3866839776,Batch_2,True,
loco_nbr,family:fbank,b3esycq1,Batch_2,img06,b3esycq1,0.531355449,0.236297878,0.2323466731,Batch_1,False,
loco_nbr,family:fbank,epqdaau9,Batch_2,img08,epqdaau9,0.3648277443,0.1761130449,0.4590592108,Batch_3,False,
loco_nbr,family:fbank,i9jiqjwl,Batch_2,img09,i9jiqjwl,0.5149191152,0.272507778,0.2125731068,Batch_1,False,
loco_nbr,family:fbank,r17byphk,Batch_2,img07,r17byphk,0.2459695908,0.4611987664,0.2928316428,Batch_2,True,
loco_nbr,family:fbank,rxax5ozo,Batch_2,img12,rxax5ozo,0.1383223817,0.2381925708,0.6234850474,Batch_3,False,
loco_nbr,family:fbank,0grcilhi,Batch_3,img01,0grcilhi,0.1429926526,0.1766380649,0.6803692825,Batch_3,True,
loco_nbr,family:fbank,71vgq3fw,Batch_3,img04,71vgq3fw,0.2235942522,0.1836518848,0.592753863,Batch_3,True,
loco_nbr,family:fbank,9luzk4jm,Batch_3,img05,9luzk4jm,0.3667739444,0.5004592371,0.1327668185,Batch_2,False,
loco_nbr,family:fbank,cfe5vt7s,Batch_3,img07,cfe5vt7s,0.3395976843,0.3093322122,0.3510701035,Batch_3,True,
loco_nbr,family:fbank,hawkfj64,Batch_3,img01,hawkfj64,0.144108,0.3753752966,0.4805167034,Batch_3,True,
loco_nbr,family:fbank,hzumfsms,Batch_3,img05,hzumfsms,0.4317408184,0.4606822421,0.1075769395,Batch_2,False,
loco_nbr,family:fbank,kbdh4tri,Batch_3,img04,kbdh4tri,0.183072645,0.2343523366,0.5825750184,Batch_3,True,
loco_nbr,family:fbank,mgxahqnk,Batch_3,img01,mgxahqnk,0.1232258931,0.3645903614,0.5121837455,Batch_3,True,
loco_nbr,family:fbank,pl8uabbv,Batch_3,img09,pl8uabbv,0.5486630663,0.2686592848,0.1826776489,Batch_1,False,
loco_nbr,family:fbank,ptg8lmto,Batch_3,img11,ptg8lmto,0.1995649359,0.2959943647,0.5044406994,Batch_3,True,
loco_nbr,family:fbank,tuy3zymq,Batch_3,img04,tuy3zymq,0.2087503981,0.2885355479,0.502714054,Batch_3,True,
loco_nbr,family:fbank,ufdvpb81,Batch_3,img05,ufdvpb81,0.4053328229,0.4037080097,0.1909591674,Batch_1,False,
loco_nbr,family:fbank,utfgcjfa,Batch_3,img12,utfgcjfa,0.1387738177,0.1850611121,0.6761650701,Batch_3,True,
loco_nbr,family:fbank,vc2whyaq,Batch_3,img12,vc2whyaq,0.1738196897,0.4970474573,0.329132853,Batch_2,False,
loco_nbr,family:fbank,x77cy643,Batch_3,img12,x77cy643,0.1629301933,0.2561669154,0.5809028913,Batch_3,True,
loco_nbr,family:fbank,x7u69zsw,Batch_3,img04,x7u69zsw,0.2087745448,0.1528911378,0.6383343173,Batch_3,True,
loco_nbr,family:fbank,xgj4xftb,Batch_3,img11,xgj4xftb,0.1069670719,0.2341756333,0.6588572947,Batch_3,True,
loco_nbr,family:glcm_lbp,4ih2ggld,Batch_1,img03,4ih2ggld,0.6939237654,0.1358937888,0.1701824458,Batch_1,True,
loco_nbr,family:glcm_lbp,5n1q8atc,Batch_1,img03,5n1q8atc,0.7518072442,0.1231728649,0.125019891,Batch_1,True,
loco_nbr,family:glcm_lbp,f1vzngrs,Batch_1,img08,f1vzngrs,0.3495896774,0.3056624423,0.3447478804,Batch_1,True,
loco_nbr,family:glcm_lbp,ffwubibz,Batch_1,img07,ffwubibz,0.4427613085,0.4004337851,0.1568049065,Batch_1,True,
loco_nbr,family:glcm_lbp,fzrt2k6r,Batch_1,img06,fzrt2k6r,0.3849039595,0.3881713853,0.2269246552,Batch_2,False,
loco_nbr,family:glcm_lbp,iv6g2oq0,Batch_1,img10,iv6g2oq0,0.1460858818,0.4935239704,0.3603901478,Batch_2,False,
loco_nbr,family:glcm_lbp,uhdslk0o,Batch_1,img13,uhdslk0o,0.4717625241,0.2899881581,0.2382493178,Batch_1,True,
loco_nbr,family:glcm_lbp,3806gxp0,Batch_2,img02,3806gxp0,0.2294544278,0.4491113519,0.3214342203,Batch_2,True,
loco_nbr,family:glcm_lbp,avn74qx1,Batch_2,img02,avn74qx1,0.1797886197,0.552380601,0.2678307793,Batch_2,True,
loco_nbr,family:glcm_lbp,b3esycq1,Batch_2,img06,b3esycq1,0.5487192943,0.2408196296,0.2104610761,Batch_1,False,
loco_nbr,family:glcm_lbp,epqdaau9,Batch_2,img08,epqdaau9,0.2884109391,0.2881874679,0.423401593,Batch_3,False,
loco_nbr,family:glcm_lbp,i9jiqjwl,Batch_2,img09,i9jiqjwl,0.5360851829,0.2481608456,0.2157539715,Batch_1,False,
loco_nbr,family:glcm_lbp,r17byphk,Batch_2,img07,r17byphk,0.2454078103,0.4709966535,0.2835955362,Batch_2,True,
loco_nbr,family:glcm_lbp,rxax5ozo,Batch_2,img12,rxax5ozo,0.1562201088,0.289692205,0.5540876862,Batch_3,False,
loco_nbr,family:glcm_lbp,0grcilhi,Batch_3,img01,0grcilhi,0.1567703904,0.2691547805,0.5740748292,Batch_3,True,
loco_nbr,family:glcm_lbp,71vgq3fw,Batch_3,img04,71vgq3fw,0.1272277079,0.1820550166,0.6907172755,Batch_3,True,
loco_nbr,family:glcm_lbp,9luzk4jm,Batch_3,img05,9luzk4jm,0.284958376,0.4753756296,0.2396659945,Batch_2,False,
loco_nbr,family:glcm_lbp,cfe5vt7s,Batch_3,img07,cfe5vt7s,0.3243108073,0.3602826613,0.3154065314,Batch_2,False,
loco_nbr,family:glcm_lbp,hawkfj64,Batch_3,img01,hawkfj64,0.3269475954,0.3334245699,0.3396278348,Batch_3,True,
loco_nbr,family:glcm_lbp,hzumfsms,Batch_3,img05,hzumfsms,0.3286535591,0.4652379638,0.2061084771,Batch_2,False,
loco_nbr,family:glcm_lbp,kbdh4tri,Batch_3,img04,kbdh4tri,0.1678724228,0.1836039299,0.6485236473,Batch_3,True,
loco_nbr,family:glcm_lbp,mgxahqnk,Batch_3,img01,mgxahqnk,0.2457398745,0.263034274,0.4912258515,Batch_3,True,
loco_nbr,family:glcm_lbp,pl8uabbv,Batch_3,img09,pl8uabbv,0.4359133005,0.355173966,0.2089127334,Batch_1,False,
loco_nbr,family:glcm_lbp,ptg8lmto,Batch_3,img11,ptg8lmto,0.07404509158,0.2786827983,0.6472721101,Batch_3,True,
loco_nbr,family:glcm_lbp,tuy3zymq,Batch_3,img04,tuy3zymq,0.1899289214,0.2347319073,0.5753391713,Batch_3,True,
loco_nbr,family:glcm_lbp,ufdvpb81,Batch_3,img05,ufdvpb81,0.3620578863,0.4675440675,0.1703980462,Batch_2,False,
loco_nbr,family:glcm_lbp,utfgcjfa,Batch_3,img12,utfgcjfa,0.1522204758,0.2424631229,0.6053164013,Batch_3,True,
loco_nbr,family:glcm_lbp,vc2whyaq,Batch_3,img12,vc2whyaq,0.1467238981,0.4974860442,0.3557900577,Batch_2,False,
loco_nbr,family:glcm_lbp,x77cy643,Batch_3,img12,x77cy643,0.1612306184,0.3523619343,0.4864074472,Batch_3,True,
loco_nbr,family:glcm_lbp,x7u69zsw,Batch_3,img04,x7u69zsw,0.1877746215,0.1811522676,0.6310731109,Batch_3,True,
loco_nbr,family:glcm_lbp,xgj4xftb,Batch_3,img11,xgj4xftb,0.1234313619,0.1610511678,0.7155174703,Batch_3,True,
loco_nbr,family:imgqc,4ih2ggld,Batch_1,img03,4ih2ggld,0.6121598809,0.2228043296,0.1650357895,Batch_1,True,
loco_nbr,family:imgqc,5n1q8atc,Batch_1,img03,5n1q8atc,0.6456787901,0.1934461966,0.1608750132,Batch_1,True,
loco_nbr,family:imgqc,f1vzngrs,Batch_1,img08,f1vzngrs,0.4454494394,0.3748287368,0.1797218238,Batch_1,True,
loco_nbr,family:imgqc,ffwubibz,Batch_1,img07,ffwubibz,0.3098737035,0.3245752764,0.3655510202,Batch_3,False,
loco_nbr,family:imgqc,fzrt2k6r,Batch_1,img06,fzrt2k6r,0.2181610454,0.5974760025,0.1843629521,Batch_2,False,
loco_nbr,family:imgqc,iv6g2oq0,Batch_1,img10,iv6g2oq0,0.4609576681,0.3668117865,0.1722305454,Batch_1,True,
loco_nbr,family:imgqc,uhdslk0o,Batch_1,img13,uhdslk0o,0.3757746814,0.4034842612,0.2207410574,Batch_2,False,
loco_nbr,family:imgqc,3806gxp0,Batch_2,img02,3806gxp0,0.2796776952,0.4863143766,0.2340079282,Batch_2,True,
loco_nbr,family:imgqc,avn74qx1,Batch_2,img02,avn74qx1,0.2186207168,0.5560789089,0.2253003743,Batch_2,True,
loco_nbr,family:imgqc,b3esycq1,Batch_2,img06,b3esycq1,0.6325358103,0.2032351832,0.1642290065,Batch_1,False,
loco_nbr,family:imgqc,epqdaau9,Batch_2,img08,epqdaau9,0.4245303215,0.4046144575,0.170855221,Batch_1,False,
loco_nbr,family:imgqc,i9jiqjwl,Batch_2,img09,i9jiqjwl,0.3936802979,0.3001334483,0.3061862538,Batch_1,False,
loco_nbr,family:imgqc,r17byphk,Batch_2,img07,r17byphk,0.3332735713,0.3576650362,0.3090613925,Batch_2,True,
loco_nbr,family:imgqc,rxax5ozo,Batch_2,img12,rxax5ozo,0.2365885726,0.2139848422,0.5494265852,Batch_3,False,
loco_nbr,family:imgqc,0grcilhi,Batch_3,img01,0grcilhi,0.2071094094,0.2772457948,0.5156447958,Batch_3,True,
loco_nbr,family:imgqc,71vgq3fw,Batch_3,img04,71vgq3fw,0.1134492291,0.1256099416,0.7609408293,Batch_3,True,
loco_nbr,family:imgqc,9luzk4jm,Batch_3,img05,9luzk4jm,0.1066717323,0.1747612297,0.718567038,Batch_3,True,
loco_nbr,family:imgqc,cfe5vt7s,Batch_3,img07,cfe5vt7s,0.4303922757,0.2931136876,0.2764940367,Batch_1,False,
loco_nbr,family:imgqc,hawkfj64,Batch_3,img01,hawkfj64,0.2656237897,0.3281368429,0.4062393675,Batch_3,True,
loco_nbr,family:imgqc,hzumfsms,Batch_3,img05,hzumfsms,0.1004821338,0.1864801823,0.7130376839,Batch_3,True,
loco_nbr,family:imgqc,kbdh4tri,Batch_3,img04,kbdh4tri,0.1374755922,0.1481184192,0.7144059886,Batch_3,True,
loco_nbr,family:imgqc,mgxahqnk,Batch_3,img01,mgxahqnk,0.2202964659,0.2619848175,0.5177187166,Batch_3,True,
loco_nbr,family:imgqc,pl8uabbv,Batch_3,img09,pl8uabbv,0.3067087716,0.5331691702,0.1601220582,Batch_2,False,
loco_nbr,family:imgqc,ptg8lmto,Batch_3,img11,ptg8lmto,0.2636995934,0.3465656935,0.3897347131,Batch_3,True,
loco_nbr,family:imgqc,tuy3zymq,Batch_3,img04,tuy3zymq,0.140963812,0.152362081,0.706674107,Batch_3,True,
loco_nbr,family:imgqc,ufdvpb81,Batch_3,img05,ufdvpb81,0.1102537872,0.1907168735,0.6990293393,Batch_3,True,
loco_nbr,family:imgqc,utfgcjfa,Batch_3,img12,utfgcjfa,0.272650691,0.2241244222,0.5032248868,Batch_3,True,
loco_nbr,family:imgqc,vc2whyaq,Batch_3,img12,vc2whyaq,0.2173585406,0.4555536138,0.3270878456,Batch_2,False,
loco_nbr,family:imgqc,x77cy643,Batch_3,img12,x77cy643,0.2276171565,0.5302592419,0.2421236016,Batch_2,False,
loco_nbr,family:imgqc,x7u69zsw,Batch_3,img04,x7u69zsw,0.119172362,0.122067336,0.758760302,Batch_3,True,
loco_nbr,family:imgqc,xgj4xftb,Batch_3,img11,xgj4xftb,0.2289858392,0.2472642867,0.5237498741,Batch_3,True,
loco_nbr,family:legacy_acq,4ih2ggld,Batch_1,img03,4ih2ggld,0.5948650145,0.3135717454,0.09156324011,Batch_1,True,
loco_nbr,family:legacy_acq,5n1q8atc,Batch_1,img03,5n1q8atc,0.6221821616,0.3105996637,0.06721817473,Batch_1,True,
loco_nbr,family:legacy_acq,f1vzngrs,Batch_1,img08,f1vzngrs,0.2784289234,0.5995559714,0.1220151052,Batch_2,False,
loco_nbr,family:legacy_acq,ffwubibz,Batch_1,img07,ffwubibz,0.4092082983,0.3245390292,0.2662526724,Batch_1,True,
loco_nbr,family:legacy_acq,fzrt2k6r,Batch_1,img06,fzrt2k6r,0.4354459935,0.3111803419,0.2533736646,Batch_1,True,
loco_nbr,family:legacy_acq,iv6g2oq0,Batch_1,img10,iv6g2oq0,0.3681682013,0.3678282892,0.2640035095,Batch_1,True,
loco_nbr,family:legacy_acq,uhdslk0o,Batch_1,img13,uhdslk0o,0.4116487948,0.3717387273,0.2166124779,Batch_1,True,
loco_nbr,family:legacy_acq,3806gxp0,Batch_2,img02,3806gxp0,0.3569306587,0.4375351715,0.2055341698,Batch_2,True,
loco_nbr,family:legacy_acq,avn74qx1,Batch_2,img02,avn74qx1,0.3544958539,0.4378054071,0.2076987389,Batch_2,True,
loco_nbr,family:legacy_acq,b3esycq1,Batch_2,img06,b3esycq1,0.5587483946,0.2136167465,0.227634859,Batch_1,False,
loco_nbr,family:legacy_acq,epqdaau9,Batch_2,img08,epqdaau9,0.2714010754,0.586689911,0.1419090135,Batch_2,True,
loco_nbr,family:legacy_acq,i9jiqjwl,Batch_2,img09,i9jiqjwl,0.5792426377,0.292196925,0.1285604373,Batch_1,False,
loco_nbr,family:legacy_acq,r17byphk,Batch_2,img07,r17byphk,0.4403623458,0.2273179561,0.3323196981,Batch_1,False,
loco_nbr,family:legacy_acq,rxax5ozo,Batch_2,img12,rxax5ozo,0.2265755763,0.3978263943,0.3755980294,Batch_2,True,
loco_nbr,family:legacy_acq,0grcilhi,Batch_3,img01,0grcilhi,0.1967059621,0.3090225415,0.4942714964,Batch_3,True,
loco_nbr,family:legacy_acq,71vgq3fw,Batch_3,img04,71vgq3fw,0.004238303918,0.008745354738,0.9870163413,Batch_3,True,
loco_nbr,family:legacy_acq,9luzk4jm,Batch_3,img05,9luzk4jm,0.1245317801,0.1188137866,0.7566544333,Batch_3,True,
loco_nbr,family:legacy_acq,cfe5vt7s,Batch_3,img07,cfe5vt7s,0.4109515542,0.2820794306,0.3069690152,Batch_1,False,
loco_nbr,family:legacy_acq,hawkfj64,Batch_3,img01,hawkfj64,0.1935310184,0.3136382658,0.4928307158,Batch_3,True,
loco_nbr,family:legacy_acq,hzumfsms,Batch_3,img05,hzumfsms,0.1331487461,0.1207672065,0.7460840474,Batch_3,True,
loco_nbr,family:legacy_acq,kbdh4tri,Batch_3,img04,kbdh4tri,0.002235216219,0.005664198366,0.9921005854,Batch_3,True,
loco_nbr,family:legacy_acq,mgxahqnk,Batch_3,img01,mgxahqnk,0.1737789965,0.2913593824,0.534861621,Batch_3,True,
loco_nbr,family:legacy_acq,pl8uabbv,Batch_3,img09,pl8uabbv,0.449631338,0.4492993867,0.1010692753,Batch_1,False,
loco_nbr,family:legacy_acq,ptg8lmto,Batch_3,img11,ptg8lmto,0.3054039533,0.3735627731,0.3210332736,Batch_2,False,
loco_nbr,family:legacy_acq,tuy3zymq,Batch_3,img04,tuy3zymq,0.001766815196,0.004512774202,0.9937204106,Batch_3,True,
loco_nbr,family:legacy_acq,ufdvpb81,Batch_3,img05,ufdvpb81,0.1754641887,0.1499698047,0.6745660066,Batch_3,True,
loco_nbr,family:legacy_acq,utfgcjfa,Batch_3,img12,utfgcjfa,0.2411486006,0.4144294977,0.3444219017,Batch_2,False,
loco_nbr,family:legacy_acq,vc2whyaq,Batch_3,img12,vc2whyaq,0.2797714336,0.3300892573,0.3901393092,Batch_3,True,
loco_nbr,family:legacy_acq,x77cy643,Batch_3,img12,x77cy643,0.237483993,0.4972088885,0.2653071185,Batch_2,False,
loco_nbr,family:legacy_acq,x7u69zsw,Batch_3,img04,x7u69zsw,0.003769121385,0.00830493831,0.9879259403,Batch_3,True,
loco_nbr,family:legacy_acq,xgj4xftb,Batch_3,img11,xgj4xftb,0.2184224384,0.3179869961,0.4635905655,Batch_3,True,
loco_nbr,family:legacy_dinov2s,4ih2ggld,Batch_1,img03,4ih2ggld,0.5340108323,0.2446243034,0.2213648643,Batch_1,True,
loco_nbr,family:legacy_dinov2s,5n1q8atc,Batch_1,img03,5n1q8atc,0.551136356,0.2479008637,0.2009627803,Batch_1,True,
loco_nbr,family:legacy_dinov2s,f1vzngrs,Batch_1,img08,f1vzngrs,0.5156741218,0.3366906164,0.1476352617,Batch_1,True,
loco_nbr,family:legacy_dinov2s,ffwubibz,Batch_1,img07,ffwubibz,0.3750641723,0.3388326385,0.2861031892,Batch_1,True,
loco_nbr,family:legacy_dinov2s,fzrt2k6r,Batch_1,img06,fzrt2k6r,0.2921681331,0.4810837181,0.2267481488,Batch_2,False,
loco_nbr,family:legacy_dinov2s,iv6g2oq0,Batch_1,img10,iv6g2oq0,0.2808572981,0.5297547627,0.1893879391,Batch_2,False,
loco_nbr,family:legacy_dinov2s,uhdslk0o,Batch_1,img13,uhdslk0o,0.4868774073,0.2893887111,0.2237338816,Batch_1,True,
loco_nbr,family:legacy_dinov2s,3806gxp0,Batch_2,img02,3806gxp0,0.2435933271,0.4892222598,0.267184413,Batch_2,True,
loco_nbr,family:legacy_dinov2s,avn74qx1,Batch_2,img02,avn74qx1,0.2127738536,0.5727858535,0.2144402929,Batch_2,True,
loco_nbr,family:legacy_dinov2s,b3esycq1,Batch_2,img06,b3esycq1,0.5623699518,0.2187526724,0.2188773758,Batch_1,False,
loco_nbr,family:legacy_dinov2s,epqdaau9,Batch_2,img08,epqdaau9,0.5084772411,0.2989554344,0.1925673244,Batch_1,False,
loco_nbr,family:legacy_dinov2s,i9jiqjwl,Batch_2,img09,i9jiqjwl,0.5022704146,0.2433337303,0.2543958552,Batch_1,False,
loco_nbr,family:legacy_dinov2s,r17byphk,Batch_2,img07,r17byphk,0.1726810991,0.3050052716,0.5223136293,Batch_3,False,
loco_nbr,family:legacy_dinov2s,rxax5ozo,Batch_2,img12,rxax5ozo,0.2219910191,0.4536460132,0.3243629676,Batch_2,True,
loco_nbr,family:legacy_dinov2s,0grcilhi,Batch_3,img01,0grcilhi,0.1265328564,0.2732591708,0.6002079728,Batch_3,True,
loco_nbr,family:legacy_dinov2s,71vgq3fw,Batch_3,img04,71vgq3fw,0.128289335,0.09966441778,0.7720462472,Batch_3,True,
loco_nbr,family:legacy_dinov2s,9luzk4jm,Batch_3,img05,9luzk4jm,0.2047176515,0.2701489318,0.5251334167,Batch_3,True,
loco_nbr,family:legacy_dinov2s,cfe5vt7s,Batch_3,img07,cfe5vt7s,0.2155251882,0.276382853,0.5080919588,Batch_3,True,
loco_nbr,family:legacy_dinov2s,hawkfj64,Batch_3,img01,hawkfj64,0.3423804942,0.2754920418,0.382127464,Batch_3,True,
loco_nbr,family:legacy_dinov2s,hzumfsms,Batch_3,img05,hzumfsms,0.193798162,0.2395228607,0.5666789773,Batch_3,True,
loco_nbr,family:legacy_dinov2s,kbdh4tri,Batch_3,img04,kbdh4tri,0.1165462688,0.09304179175,0.7904119394,Batch_3,True,
loco_nbr,family:legacy_dinov2s,mgxahqnk,Batch_3,img01,mgxahqnk,0.3633796733,0.2807953792,0.3558249476,Batch_1,False,
loco_nbr,family:legacy_dinov2s,pl8uabbv,Batch_3,img09,pl8uabbv,0.3552414749,0.3753123798,0.2694461453,Batch_2,False,
loco_nbr,family:legacy_dinov2s,ptg8lmto,Batch_3,img11,ptg8lmto,0.08911521097,0.2068840417,0.7040007474,Batch_3,True,
loco_nbr,family:legacy_dinov2s,tuy3zymq,Batch_3,img04,tuy3zymq,0.101494291,0.1105635704,0.7879421386,Batch_3,True,
loco_nbr,family:legacy_dinov2s,ufdvpb81,Batch_3,img05,ufdvpb81,0.2641975235,0.3652487287,0.3705537478,Batch_3,True,
loco_nbr,family:legacy_dinov2s,utfgcjfa,Batch_3,img12,utfgcjfa,0.1645102283,0.4736497482,0.3618400235,Batch_2,False,
loco_nbr,family:legacy_dinov2s,vc2whyaq,Batch_3,img12,vc2whyaq,0.1823881539,0.4407382995,0.3768735466,Batch_2,False,
loco_nbr,family:legacy_dinov2s,x77cy643,Batch_3,img12,x77cy643,0.1257818393,0.5894264371,0.2847917236,Batch_2,False,
loco_nbr,family:legacy_dinov2s,x7u69zsw,Batch_3,img04,x7u69zsw,0.1690389894,0.08455126269,0.746409748,Batch_3,True,
loco_nbr,family:legacy_dinov2s,xgj4xftb,Batch_3,img11,xgj4xftb,0.1635316825,0.1203393916,0.716128926,Batch_3,True,
loco_nbr,family:orient,4ih2ggld,Batch_1,img03,4ih2ggld,0.4742084015,0.2411333694,0.2846582291,Batch_1,True,
loco_nbr,family:orient,5n1q8atc,Batch_1,img03,5n1q8atc,0.4897801217,0.1934653828,0.3167544955,Batch_1,True,
loco_nbr,family:orient,f1vzngrs,Batch_1,img08,f1vzngrs,0.617932561,0.05983881913,0.3222286198,Batch_1,True,
loco_nbr,family:orient,ffwubibz,Batch_1,img07,ffwubibz,0.3933850552,0.3391181956,0.2674967492,Batch_1,True,
loco_nbr,family:orient,fzrt2k6r,Batch_1,img06,fzrt2k6r,0.4084191702,0.2920900259,0.2994908039,Batch_1,True,
loco_nbr,family:orient,iv6g2oq0,Batch_1,img10,iv6g2oq0,0.2464309162,0.2987985363,0.4547705474,Batch_3,False,
loco_nbr,family:orient,uhdslk0o,Batch_1,img13,uhdslk0o,0.2240943392,0.3250800336,0.4508256272,Batch_3,False,
loco_nbr,family:orient,3806gxp0,Batch_2,img02,3806gxp0,0.0881558739,0.2466747223,0.6651694038,Batch_3,False,
loco_nbr,family:orient,avn74qx1,Batch_2,img02,avn74qx1,0.09792308782,0.3281416912,0.573935221,Batch_3,False,
loco_nbr,family:orient,b3esycq1,Batch_2,img06,b3esycq1,0.3501710011,0.3755283616,0.2743006373,Batch_2,True,
loco_nbr,family:orient,epqdaau9,Batch_2,img08,epqdaau9,0.4255967881,0.1696348131,0.4047683988,Batch_1,False,
loco_nbr,family:orient,i9jiqjwl,Batch_2,img09,i9jiqjwl,0.4303044117,0.3940266777,0.1756689106,Batch_1,False,
loco_nbr,family:orient,r17byphk,Batch_2,img07,r17byphk,0.2162285802,0.4421145294,0.3416568904,Batch_2,True,
loco_nbr,family:orient,rxax5ozo,Batch_2,img12,rxax5ozo,0.1938089342,0.2188967932,0.5872942726,Batch_3,False,
loco_nbr,family:orient,0grcilhi,Batch_3,img01,0grcilhi,0.2558624852,0.1996216201,0.5445158948,Batch_3,True,
loco_nbr,family:orient,71vgq3fw,Batch_3,img04,71vgq3fw,0.3135039002,0.2275667387,0.4589293612,Batch_3,True,
loco_nbr,family:orient,9luzk4jm,Batch_3,img05,9luzk4jm,0.3374304093,0.2144896853,0.4480799054,Batch_3,True,
loco_nbr,family:orient,cfe5vt7s,Batch_3,img07,cfe5vt7s,0.239523454,0.3841069317,0.3763696143,Batch_2,False,
loco_nbr,family:orient,hawkfj64,Batch_3,img01,hawkfj64,0.2482433787,0.2791988258,0.4725577955,Batch_3,True,
loco_nbr,family:orient,hzumfsms,Batch_3,img05,hzumfsms,0.4228485121,0.2038445593,0.3733069286,Batch_1,False,
loco_nbr,family:orient,kbdh4tri,Batch_3,img04,kbdh4tri,0.2124890186,0.4183994421,0.3691115393,Batch_2,False,
loco_nbr,family:orient,mgxahqnk,Batch_3,img01,mgxahqnk,0.1363347854,0.4788589024,0.3848063122,Batch_2,False,
loco_nbr,family:orient,pl8uabbv,Batch_3,img09,pl8uabbv,0.3530210296,0.3163658104,0.3306131599,Batch_1,False,
loco_nbr,family:orient,ptg8lmto,Batch_3,img11,ptg8lmto,0.2360768525,0.4515304412,0.3123927063,Batch_2,False,
loco_nbr,family:orient,tuy3zymq,Batch_3,img04,tuy3zymq,0.2324754805,0.4308429761,0.3366815434,Batch_2,False,
loco_nbr,family:orient,ufdvpb81,Batch_3,img05,ufdvpb81,0.281418074,0.3387369731,0.3798449529,Batch_3,True,
loco_nbr,family:orient,utfgcjfa,Batch_3,img12,utfgcjfa,0.300390104,0.1701498829,0.5294600131,Batch_3,True,
loco_nbr,family:orient,vc2whyaq,Batch_3,img12,vc2whyaq,0.1633352474,0.4780517936,0.358612959,Batch_2,False,
loco_nbr,family:orient,x77cy643,Batch_3,img12,x77cy643,0.200828674,0.3861571164,0.4130142096,Batch_3,True,
loco_nbr,family:orient,x7u69zsw,Batch_3,img04,x7u69zsw,0.1792180125,0.350762001,0.4700199866,Batch_3,True,
loco_nbr,family:orient,xgj4xftb,Batch_3,img11,xgj4xftb,0.1528318358,0.3604621891,0.4867059751,Batch_3,True,
loco_nbr,family:phase,4ih2ggld,Batch_1,img03,4ih2ggld,0.6922440346,0.08731086532,0.2204451001,Batch_1,True,
loco_nbr,family:phase,5n1q8atc,Batch_1,img03,5n1q8atc,0.8878027726,0.04021188816,0.07198533924,Batch_1,True,
loco_nbr,family:phase,f1vzngrs,Batch_1,img08,f1vzngrs,0.388354941,0.2427476887,0.3688973703,Batch_1,True,
loco_nbr,family:phase,ffwubibz,Batch_1,img07,ffwubibz,0.3094697686,0.4986766414,0.19185359,Batch_2,False,
loco_nbr,family:phase,fzrt2k6r,Batch_1,img06,fzrt2k6r,0.2571872154,0.4064857432,0.3363270414,Batch_2,False,
loco_nbr,family:phase,iv6g2oq0,Batch_1,img10,iv6g2oq0,0.2040062965,0.4776484784,0.318345225,Batch_2,False,
loco_nbr,family:phase,uhdslk0o,Batch_1,img13,uhdslk0o,0.171638617,0.3420027553,0.4863586277,Batch_3,False,
loco_nbr,family:phase,3806gxp0,Batch_2,img02,3806gxp0,0.1925106469,0.3638941398,0.4435952133,Batch_3,False,
loco_nbr,family:phase,avn74qx1,Batch_2,img02,avn74qx1,0.2015874023,0.5461471962,0.2522654014,Batch_2,True,
loco_nbr,family:phase,b3esycq1,Batch_2,img06,b3esycq1,0.4404579662,0.2840231553,0.2755188785,Batch_1,False,
loco_nbr,family:phase,epqdaau9,Batch_2,img08,epqdaau9,0.2495412022,0.2952468358,0.455211962,Batch_3,False,
loco_nbr,family:phase,i9jiqjwl,Batch_2,img09,i9jiqjwl,0.303164753,0.3466428027,0.3501924443,Batch_3,False,
loco_nbr,family:phase,r17byphk,Batch_2,img07,r17byphk,0.2461372857,0.4046360384,0.3492266759,Batch_2,True,
loco_nbr,family:phase,rxax5ozo,Batch_2,img12,rxax5ozo,0.3490852294,0.2432518841,0.4076628865,Batch_3,False,
loco_nbr,family:phase,0grcilhi,Batch_3,img01,0grcilhi,0.2308622134,0.4446056725,0.3245321141,Batch_2,False,
loco_nbr,family:phase,71vgq3fw,Batch_3,img04,71vgq3fw,0.2590665211,0.2260869538,0.5148465251,Batch_3,True,
loco_nbr,family:phase,9luzk4jm,Batch_3,img05,9luzk4jm,0.1287355404,0.4370860345,0.4341784251,Batch_2,False,
loco_nbr,family:phase,cfe5vt7s,Batch_3,img07,cfe5vt7s,0.2383467783,0.405201425,0.3564517968,Batch_2,False,
loco_nbr,family:phase,hawkfj64,Batch_3,img01,hawkfj64,0.2385919343,0.4035210552,0.3578870105,Batch_2,False,
loco_nbr,family:phase,hzumfsms,Batch_3,img05,hzumfsms,0.1188845909,0.5325385816,0.3485768276,Batch_2,False,
loco_nbr,family:phase,kbdh4tri,Batch_3,img04,kbdh4tri,0.5152067957,0.1457754816,0.3390177227,Batch_1,False,
loco_nbr,family:phase,mgxahqnk,Batch_3,img01,mgxahqnk,0.1419749239,0.4166375454,0.4413875307,Batch_3,True,
loco_nbr,family:phase,pl8uabbv,Batch_3,img09,pl8uabbv,0.2935427278,0.3564143407,0.3500429315,Batch_2,False,
loco_nbr,family:phase,ptg8lmto,Batch_3,img11,ptg8lmto,0.2682136974,0.3427457878,0.3890405147,Batch_3,True,
loco_nbr,family:phase,tuy3zymq,Batch_3,img04,tuy3zymq,0.6476263225,0.1473595272,0.2050141503,Batch_1,False,
loco_nbr,family:phase,ufdvpb81,Batch_3,img05,ufdvpb81,0.1940657877,0.3922515085,0.4136827038,Batch_3,True,
loco_nbr,family:phase,utfgcjfa,Batch_3,img12,utfgcjfa,0.2481448306,0.2389605831,0.5128945863,Batch_3,True,
loco_nbr,family:phase,vc2whyaq,Batch_3,img12,vc2whyaq,0.1969426158,0.4936014594,0.3094559248,Batch_2,False,
loco_nbr,family:phase,x77cy643,Batch_3,img12,x77cy643,0.2253721309,0.2602351192,0.5143927498,Batch_3,True,
loco_nbr,family:phase,x7u69zsw,Batch_3,img04,x7u69zsw,0.3200692462,0.1983123426,0.4816184112,Batch_3,True,
loco_nbr,family:phase,xgj4xftb,Batch_3,img11,xgj4xftb,0.2239058317,0.3425235532,0.4335706151,Batch_3,True,
loco_nbr,family:psd,4ih2ggld,Batch_1,img03,4ih2ggld,0.4719578001,0.2924560867,0.2355861133,Batch_1,True,
loco_nbr,family:psd,5n1q8atc,Batch_1,img03,5n1q8atc,0.6230876134,0.135000113,0.2419122736,Batch_1,True,
loco_nbr,family:psd,f1vzngrs,Batch_1,img08,f1vzngrs,0.7363046963,0.01911182297,0.2445834807,Batch_1,True,
loco_nbr,family:psd,ffwubibz,Batch_1,img07,ffwubibz,0.4889523236,0.3044211463,0.2066265302,Batch_1,True,
loco_nbr,family:psd,fzrt2k6r,Batch_1,img06,fzrt2k6r,0.3194498193,0.5239967391,0.1565534415,Batch_2,False,
loco_nbr,family:psd,iv6g2oq0,Batch_1,img10,iv6g2oq0,0.1990146544,0.3861448895,0.4148404561,Batch_3,False,
loco_nbr,family:psd,uhdslk0o,Batch_1,img13,uhdslk0o,0.3823813373,0.3601090324,0.2575096304,Batch_1,True,
loco_nbr,family:psd,3806gxp0,Batch_2,img02,3806gxp0,0.1587518451,0.1120117111,0.7292364438,Batch_3,False,
loco_nbr,family:psd,avn74qx1,Batch_2,img02,avn74qx1,0.09131289072,0.4756736488,0.4330134605,Batch_2,True,
loco_nbr,family:psd,b3esycq1,Batch_2,img06,b3esycq1,0.29822021,0.6151157508,0.08666403923,Batch_2,True,
loco_nbr,family:psd,epqdaau9,Batch_2,img08,epqdaau9,0.6167611887,0.08269358166,0.3005452297,Batch_1,False,
loco_nbr,family:psd,i9jiqjwl,Batch_2,img09,i9jiqjwl,0.5497474499,0.3492950635,0.1009574865,Batch_1,False,
loco_nbr,family:psd,r17byphk,Batch_2,img07,r17byphk,0.2099631675,0.4467215872,0.3433152453,Batch_2,True,
loco_nbr,family:psd,rxax5ozo,Batch_2,img12,rxax5ozo,0.2070113215,0.2408649301,0.5521237485,Batch_3,False,
loco_nbr,family:psd,0grcilhi,Batch_3,img01,0grcilhi,0.1122892371,0.1972300957,0.6904806673,Batch_3,True,
loco_nbr,family:psd,71vgq3fw,Batch_3,img04,71vgq3fw,0.2357007088,0.1209528846,0.6433464066,Batch_3,True,
loco_nbr,family:psd,9luzk4jm,Batch_3,img05,9luzk4jm,0.333331745,0.4152108883,0.2514573667,Batch_2,False,
loco_nbr,family:psd,cfe5vt7s,Batch_3,img07,cfe5vt7s,0.2729043744,0.2926106134,0.4344850122,Batch_3,True,
loco_nbr,family:psd,hawkfj64,Batch_3,img01,hawkfj64,0.1086438317,0.218392066,0.6729641023,Batch_3,True,
loco_nbr,family:psd,hzumfsms,Batch_3,img05,hzumfsms,0.4367136593,0.2613463005,0.3019400402,Batch_1,False,
loco_nbr,family:psd,kbdh4tri,Batch_3,img04,kbdh4tri,0.1888562197,0.3594800271,0.4516637532,Batch_3,True,
loco_nbr,family:psd,mgxahqnk,Batch_3,img01,mgxahqnk,0.07751356008,0.2541077991,0.6683786409,Batch_3,True,
loco_nbr,family:psd,pl8uabbv,Batch_3,img09,pl8uabbv,0.5139157308,0.369789562,0.1162947072,Batch_1,False,
loco_nbr,family:psd,ptg8lmto,Batch_3,img11,ptg8lmto,0.1750944538,0.2418809991,0.5830245471,Batch_3,True,
loco_nbr,family:psd,tuy3zymq,Batch_3,img04,tuy3zymq,0.150837074,0.2867330069,0.5624299191,Batch_3,True,
loco_nbr,family:psd,ufdvpb81,Batch_3,img05,ufdvpb81,0.4242306151,0.2790795414,0.2966898434,Batch_1,False,
loco_nbr,family:psd,utfgcjfa,Batch_3,img12,utfgcjfa,0.2281922831,0.241195585,0.5306121319,Batch_3,True,
loco_nbr,family:psd,vc2whyaq,Batch_3,img12,vc2whyaq,0.1935925972,0.3613283444,0.4450790584,Batch_3,True,
loco_nbr,family:psd,x77cy643,Batch_3,img12,x77cy643,0.1828831123,0.3192311122,0.4978857755,Batch_3,True,
loco_nbr,family:psd,x7u69zsw,Batch_3,img04,x7u69zsw,0.2499035729,0.2138866446,0.5362097825,Batch_3,True,
loco_nbr,family:psd,xgj4xftb,Batch_3,img11,xgj4xftb,0.05374328151,0.2200628131,0.7261939054,Batch_3,True,
loco_nbr,family:registry,4ih2ggld,Batch_1,img03,4ih2ggld,0.8382477087,0.03666448166,0.1250878097,Batch_1,True,
loco_nbr,family:registry,5n1q8atc,Batch_1,img03,5n1q8atc,0.8612524557,0.02854021777,0.1102073266,Batch_1,True,
loco_nbr,family:registry,f1vzngrs,Batch_1,img08,f1vzngrs,0.3428583028,0.2980793966,0.3590623006,Batch_3,False,
loco_nbr,family:registry,ffwubibz,Batch_1,img07,ffwubibz,0.2228203008,0.6346497807,0.1425299185,Batch_2,False,
loco_nbr,family:registry,fzrt2k6r,Batch_1,img06,fzrt2k6r,0.2959232227,0.476571355,0.2275054223,Batch_2,False,
loco_nbr,family:registry,iv6g2oq0,Batch_1,img10,iv6g2oq0,0.2055142009,0.3809627208,0.4135230783,Batch_3,False,
loco_nbr,family:registry,uhdslk0o,Batch_1,img13,uhdslk0o,0.2601648141,0.3938709144,0.3459642715,Batch_2,False,
loco_nbr,family:registry,3806gxp0,Batch_2,img02,3806gxp0,0.1676661841,0.3255379441,0.5067958718,Batch_3,False,
loco_nbr,family:registry,avn74qx1,Batch_2,img02,avn74qx1,0.2928798005,0.570192144,0.1369280554,Batch_2,True,
loco_nbr,family:registry,b3esycq1,Batch_2,img06,b3esycq1,0.4093937179,0.2387524492,0.3518538329,Batch_1,False,
loco_nbr,family:registry,epqdaau9,Batch_2,img08,epqdaau9,0.3937552815,0.3473719934,0.2588727252,Batch_1,False,
loco_nbr,family:registry,i9jiqjwl,Batch_2,img09,i9jiqjwl,0.3293067516,0.33854949,0.3321437583,Batch_2,True,
loco_nbr,family:registry,r17byphk,Batch_2,img07,r17byphk,0.2184711363,0.4665511259,0.3149777378,Batch_2,True,
loco_nbr,family:registry,rxax5ozo,Batch_2,img12,rxax5ozo,0.3148806069,0.3551135787,0.3300058143,Batch_2,True,
loco_nbr,family:registry,0grcilhi,Batch_3,img01,0grcilhi,0.3274163257,0.3464437396,0.3261399347,Batch_2,False,
loco_nbr,family:registry,71vgq3fw,Batch_3,img04,71vgq3fw,0.2828444301,0.2208111078,0.4963444621,Batch_3,True,
loco_nbr,family:registry,9luzk4jm,Batch_3,img05,9luzk4jm,0.07415575937,0.1330374558,0.7928067848,Batch_3,True,
loco_nbr,family:registry,cfe5vt7s,Batch_3,img07,cfe5vt7s,0.1716114527,0.3273275166,0.5010610307,Batch_3,True,
loco_nbr,family:registry,hawkfj64,Batch_3,img01,hawkfj64,0.2900669042,0.3003667695,0.4095663263,Batch_3,True,
loco_nbr,family:registry,hzumfsms,Batch_3,img05,hzumfsms,0.1077107575,0.1524073784,0.7398818642,Batch_3,True,
loco_nbr,family:registry,kbdh4tri,Batch_3,img04,kbdh4tri,0.3521812267,0.2390718906,0.4087468827,Batch_3,True,
loco_nbr,family:registry,mgxahqnk,Batch_3,img01,mgxahqnk,0.2189913999,0.2365196835,0.5444889166,Batch_3,True,
loco_nbr,family:registry,pl8uabbv,Batch_3,img09,pl8uabbv,0.2168480292,0.232330296,0.5508216748,Batch_3,True,
loco_nbr,family:registry,ptg8lmto,Batch_3,img11,ptg8lmto,0.3694523484,0.3619197826,0.2686278689,Batch_1,False,
loco_nbr,family:registry,tuy3zymq,Batch_3,img04,tuy3zymq,0.3425400772,0.2581546729,0.3993052499,Batch_3,True,
loco_nbr,family:registry,ufdvpb81,Batch_3,img05,ufdvpb81,0.1312764726,0.2147603067,0.6539632207,Batch_3,True,
loco_nbr,family:registry,utfgcjfa,Batch_3,img12,utfgcjfa,0.2168588807,0.242866007,0.5402751123,Batch_3,True,
loco_nbr,family:registry,vc2whyaq,Batch_3,img12,vc2whyaq,0.2552859611,0.525922919,0.2187911199,Batch_2,False,
loco_nbr,family:registry,x77cy643,Batch_3,img12,x77cy643,0.1717763959,0.1734660226,0.6547575815,Batch_3,True,
loco_nbr,family:registry,x7u69zsw,Batch_3,img04,x7u69zsw,0.3605433494,0.1726616682,0.4667949824,Batch_3,True,
loco_nbr,family:registry,xgj4xftb,Batch_3,img11,xgj4xftb,0.2025993388,0.2986926813,0.4987079799,Batch_3,True,
loco_nbr,family:xdet,4ih2ggld,Batch_1,img03,4ih2ggld,0.6810750262,0.1977066308,0.121218343,Batch_1,True,
loco_nbr,family:xdet,5n1q8atc,Batch_1,img03,5n1q8atc,0.7253786767,0.1411833223,0.133438001,Batch_1,True,
loco_nbr,family:xdet,f1vzngrs,Batch_1,img08,f1vzngrs,0.3390194454,0.5687719739,0.09220858078,Batch_2,False,
loco_nbr,family:xdet,ffwubibz,Batch_1,img07,ffwubibz,0.2512075239,0.3706280478,0.3781644283,Batch_3,False,
loco_nbr,family:xdet,fzrt2k6r,Batch_1,img06,fzrt2k6r,0.3168551319,0.4069498647,0.2761950034,Batch_2,False,
loco_nbr,family:xdet,iv6g2oq0,Batch_1,img10,iv6g2oq0,0.1806572903,0.5849956719,0.2343470378,Batch_2,False,
loco_nbr,family:xdet,uhdslk0o,Batch_1,img13,uhdslk0o,0.3343694042,0.3693275696,0.2963030262,Batch_2,False,
loco_nbr,family:xdet,3806gxp0,Batch_2,img02,3806gxp0,0.1709470152,0.4173917031,0.4116612817,Batch_2,True,
loco_nbr,family:xdet,avn74qx1,Batch_2,img02,avn74qx1,0.1951544618,0.5293772674,0.2754682707,Batch_2,True,
loco_nbr,family:xdet,b3esycq1,Batch_2,img06,b3esycq1,0.6413555075,0.127226017,0.2314184755,Batch_1,False,
loco_nbr,family:xdet,epqdaau9,Batch_2,img08,epqdaau9,0.2899217017,0.5327001596,0.1773781387,Batch_2,True,
loco_nbr,family:xdet,i9jiqjwl,Batch_2,img09,i9jiqjwl,0.5788484453,0.2784254315,0.1427261231,Batch_1,False,
loco_nbr,family:xdet,r17byphk,Batch_2,img07,r17byphk,0.1924331511,0.4522368641,0.3553299847,Batch_2,True,
loco_nbr,family:xdet,rxax5ozo,Batch_2,img12,rxax5ozo,0.2524244578,0.2583134354,0.4892621069,Batch_3,False,
loco_nbr,family:xdet,0grcilhi,Batch_3,img01,0grcilhi,0.1567061385,0.2107827616,0.6325110999,Batch_3,True,
loco_nbr,family:xdet,71vgq3fw,Batch_3,img04,71vgq3fw,0.1422731463,0.1776849777,0.680041876,Batch_3,True,
loco_nbr,family:xdet,9luzk4jm,Batch_3,img05,9luzk4jm,0.3983332571,0.3311377983,0.2705289446,Batch_1,False,
loco_nbr,family:xdet,cfe5vt7s,Batch_3,img07,cfe5vt7s,0.2599279181,0.3585210265,0.3815510553,Batch_3,True,
loco_nbr,family:xdet,hawkfj64,Batch_3,img01,hawkfj64,0.1352794736,0.2103946912,0.6543258352,Batch_3,True,
loco_nbr,family:xdet,hzumfsms,Batch_3,img05,hzumfsms,0.3520222183,0.3548369256,0.2931408561,Batch_2,False,
loco_nbr,family:xdet,kbdh4tri,Batch_3,img04,kbdh4tri,0.1308390539,0.161810734,0.7073502121,Batch_3,True,
loco_nbr,family:xdet,mgxahqnk,Batch_3,img01,mgxahqnk,0.1242326519,0.1612145882,0.7145527599,Batch_3,True,
loco_nbr,family:xdet,pl8uabbv,Batch_3,img09,pl8uabbv,0.2855016582,0.453596237,0.2609021048,Batch_2,False,
loco_nbr,family:xdet,ptg8lmto,Batch_3,img11,ptg8lmto,0.1469156397,0.2518910233,0.601193337,Batch_3,True,
loco_nbr,family:xdet,tuy3zymq,Batch_3,img04,tuy3zymq,0.1411355333,0.1606412494,0.6982232173,Batch_3,True,
loco_nbr,family:xdet,ufdvpb81,Batch_3,img05,ufdvpb81,0.4429256912,0.261417477,0.2956568318,Batch_1,False,
loco_nbr,family:xdet,utfgcjfa,Batch_3,img12,utfgcjfa,0.2343884962,0.3748845068,0.3907269969,Batch_3,True,
loco_nbr,family:xdet,vc2whyaq,Batch_3,img12,vc2whyaq,0.1977140915,0.5510522015,0.251233707,Batch_2,False,
loco_nbr,family:xdet,x77cy643,Batch_3,img12,x77cy643,0.1949412858,0.5832929689,0.2217657452,Batch_2,False,
loco_nbr,family:xdet,x7u69zsw,Batch_3,img04,x7u69zsw,0.08966199387,0.1080118444,0.8023261617,Batch_3,True,
loco_nbr,family:xdet,xgj4xftb,Batch_3,img11,xgj4xftb,0.08124188357,0.1040013243,0.8147567921,Batch_3,True,
loco_nbr,best_single_family,4ih2ggld,Batch_1,img03,4ih2ggld,0.5099838584,0.2567232698,0.2332928719,Batch_1,True,
loco_nbr,best_single_family,5n1q8atc,Batch_1,img03,5n1q8atc,0.680994233,0.1873095365,0.1316962306,Batch_1,True,
loco_nbr,best_single_family,f1vzngrs,Batch_1,img08,f1vzngrs,0.5172132294,0.3863302078,0.09645656284,Batch_1,True,
loco_nbr,best_single_family,ffwubibz,Batch_1,img07,ffwubibz,0.346169986,0.4256812843,0.2281487298,Batch_2,False,
loco_nbr,best_single_family,fzrt2k6r,Batch_1,img06,fzrt2k6r,0.3808849235,0.3936019684,0.2255131081,Batch_2,False,
loco_nbr,best_single_family,iv6g2oq0,Batch_1,img10,iv6g2oq0,0.2647110211,0.513719682,0.2215692969,Batch_2,False,
loco_nbr,best_single_family,uhdslk0o,Batch_1,img13,uhdslk0o,0.4560901476,0.3534451223,0.1904647301,Batch_1,True,
loco_nbr,best_single_family,3806gxp0,Batch_2,img02,3806gxp0,0.1676661841,0.3255379441,0.5067958718,Batch_3,False,
loco_nbr,best_single_family,avn74qx1,Batch_2,img02,avn74qx1,0.23565052,0.5757540383,0.1885954417,Batch_2,True,
loco_nbr,best_single_family,b3esycq1,Batch_2,img06,b3esycq1,0.5172962034,0.2333318566,0.24937194,Batch_1,False,
loco_nbr,best_single_family,epqdaau9,Batch_2,img08,epqdaau9,0.4203300391,0.4272429555,0.1524270053,Batch_2,True,
loco_nbr,best_single_family,i9jiqjwl,Batch_2,img09,i9jiqjwl,0.4335010137,0.3722462814,0.1942527049,Batch_1,False,
loco_nbr,best_single_family,r17byphk,Batch_2,img07,r17byphk,0.2445769708,0.3540688563,0.4013541728,Batch_3,False,
loco_nbr,best_single_family,rxax5ozo,Batch_2,img12,rxax5ozo,0.2407504611,0.2924337558,0.4668157831,Batch_3,False,
loco_nbr,best_single_family,0grcilhi,Batch_3,img01,0grcilhi,0.1277658327,0.1767626083,0.6954715589,Batch_3,True,
loco_nbr,best_single_family,71vgq3fw,Batch_3,img04,71vgq3fw,0.1523632706,0.1264870219,0.7211497075,Batch_3,True,
loco_nbr,best_single_family,9luzk4jm,Batch_3,img05,9luzk4jm,0.1967657526,0.1610106301,0.6422236173,Batch_3,True,
loco_nbr,best_single_family,cfe5vt7s,Batch_3,img07,cfe5vt7s,0.3250026486,0.3368499743,0.3381473771,Batch_3,True,
loco_nbr,best_single_family,hawkfj64,Batch_3,img01,hawkfj64,0.1827841606,0.2067233841,0.6104924554,Batch_3,True,
loco_nbr,best_single_family,hzumfsms,Batch_3,img05,hzumfsms,0.2780792481,0.1480015257,0.5739192261,Batch_3,True,
loco_nbr,best_single_family,kbdh4tri,Batch_3,img04,kbdh4tri,0.1223312504,0.1214135857,0.756255164,Batch_3,True,
loco_nbr,best_single_family,mgxahqnk,Batch_3,img01,mgxahqnk,0.2457398745,0.263034274,0.4912258515,Batch_3,True,
loco_nbr,best_single_family,pl8uabbv,Batch_3,img09,pl8uabbv,0.3548475422,0.3960143895,0.2491380683,Batch_2,False,
loco_nbr,best_single_family,ptg8lmto,Batch_3,img11,ptg8lmto,0.1408907061,0.2370869626,0.6220223313,Batch_3,True,
loco_nbr,best_single_family,tuy3zymq,Batch_3,img04,tuy3zymq,0.08738272881,0.1086556287,0.8039616425,Batch_3,True,
loco_nbr,best_single_family,ufdvpb81,Batch_3,img05,ufdvpb81,0.2248100245,0.3217631567,0.4534268189,Batch_3,True,
loco_nbr,best_single_family,utfgcjfa,Batch_3,img12,utfgcjfa,0.2150916885,0.3006195985,0.484288713,Batch_3,True,
loco_nbr,best_single_family,vc2whyaq,Batch_3,img12,vc2whyaq,0.165706394,0.4809948917,0.3532987142,Batch_2,False,
loco_nbr,best_single_family,x77cy643,Batch_3,img12,x77cy643,0.1440685156,0.4977455061,0.3581859784,Batch_2,False,
loco_nbr,best_single_family,x7u69zsw,Batch_3,img04,x7u69zsw,0.1388632009,0.1171764925,0.7439603065,Batch_3,True,
loco_nbr,best_single_family,xgj4xftb,Batch_3,img11,xgj4xftb,0.1529681285,0.2256882081,0.6213436634,Batch_3,True,
loco_nbr,majority,4ih2ggld,Batch_1,img03,4ih2ggld,0.2,0.2333333333,0.5666666667,Batch_3,False,
loco_nbr,majority,5n1q8atc,Batch_1,img03,5n1q8atc,0.2,0.2333333333,0.5666666667,Batch_3,False,
loco_nbr,majority,f1vzngrs,Batch_1,img08,f1vzngrs,0.2068965517,0.2068965517,0.5862068966,Batch_3,False,
loco_nbr,majority,ffwubibz,Batch_1,img07,ffwubibz,0.2068965517,0.2068965517,0.5862068966,Batch_3,False,
loco_nbr,majority,fzrt2k6r,Batch_1,img06,fzrt2k6r,0.2,0.2333333333,0.5666666667,Batch_3,False,
loco_nbr,majority,iv6g2oq0,Batch_1,img10,iv6g2oq0,0.2,0.2333333333,0.5666666667,Batch_3,False,
loco_nbr,majority,uhdslk0o,Batch_1,img13,uhdslk0o,0.2,0.2333333333,0.5666666667,Batch_3,False,
loco_nbr,majority,3806gxp0,Batch_2,img02,3806gxp0,0.2333333333,0.2,0.5666666667,Batch_3,False,
loco_nbr,majority,avn74qx1,Batch_2,img02,avn74qx1,0.2333333333,0.2,0.5666666667,Batch_3,False,
loco_nbr,majority,b3esycq1,Batch_2,img06,b3esycq1,0.2333333333,0.2,0.5666666667,Batch_3,False,
loco_nbr,majority,epqdaau9,Batch_2,img08,epqdaau9,0.2068965517,0.2068965517,0.5862068966,Batch_3,False,
loco_nbr,majority,i9jiqjwl,Batch_2,img09,i9jiqjwl,0.2333333333,0.2,0.5666666667,Batch_3,False,
loco_nbr,majority,r17byphk,Batch_2,img07,r17byphk,0.2142857143,0.2142857143,0.5714285714,Batch_3,False,
loco_nbr,majority,rxax5ozo,Batch_2,img12,rxax5ozo,0.2413793103,0.2068965517,0.5517241379,Batch_3,False,
loco_nbr,majority,0grcilhi,Batch_3,img01,0grcilhi,0.2413793103,0.2413793103,0.5172413793,Batch_3,True,
loco_nbr,majority,71vgq3fw,Batch_3,img04,71vgq3fw,0.2413793103,0.2413793103,0.5172413793,Batch_3,True,
loco_nbr,majority,9luzk4jm,Batch_3,img05,9luzk4jm,0.2413793103,0.2413793103,0.5172413793,Batch_3,True,
loco_nbr,majority,cfe5vt7s,Batch_3,img07,cfe5vt7s,0.2413793103,0.2068965517,0.5517241379,Batch_3,True,
loco_nbr,majority,hawkfj64,Batch_3,img01,hawkfj64,0.25,0.25,0.5,Batch_3,True,
loco_nbr,majority,hzumfsms,Batch_3,img05,hzumfsms,0.2413793103,0.2413793103,0.5172413793,Batch_3,True,
loco_nbr,majority,kbdh4tri,Batch_3,img04,kbdh4tri,0.25,0.25,0.5,Batch_3,True,
loco_nbr,majority,mgxahqnk,Batch_3,img01,mgxahqnk,0.2413793103,0.2413793103,0.5172413793,Batch_3,True,
loco_nbr,majority,pl8uabbv,Batch_3,img09,pl8uabbv,0.2333333333,0.2333333333,0.5333333333,Batch_3,True,
loco_nbr,majority,ptg8lmto,Batch_3,img11,ptg8lmto,0.2333333333,0.2333333333,0.5333333333,Batch_3,True,
loco_nbr,majority,tuy3zymq,Batch_3,img04,tuy3zymq,0.25,0.25,0.5,Batch_3,True,
loco_nbr,majority,ufdvpb81,Batch_3,img05,ufdvpb81,0.2333333333,0.2333333333,0.5333333333,Batch_3,True,
loco_nbr,majority,utfgcjfa,Batch_3,img12,utfgcjfa,0.25,0.2142857143,0.5357142857,Batch_3,True,
loco_nbr,majority,vc2whyaq,Batch_3,img12,vc2whyaq,0.2413793103,0.2413793103,0.5172413793,Batch_3,True,
loco_nbr,majority,x77cy643,Batch_3,img12,x77cy643,0.25,0.25,0.5,Batch_3,True,
loco_nbr,majority,x7u69zsw,Batch_3,img04,x7u69zsw,0.2413793103,0.2413793103,0.5172413793,Batch_3,True,
loco_nbr,majority,xgj4xftb,Batch_3,img11,xgj4xftb,0.2333333333,0.2333333333,0.5333333333,Batch_3,True,
loco_nbr,provenance_oracle,4ih2ggld,Batch_1,img03,4ih2ggld,0.6,0.1166666667,0.2833333333,Batch_1,True,
loco_nbr,provenance_oracle,5n1q8atc,Batch_1,img03,5n1q8atc,0.6,0.1166666667,0.2833333333,Batch_1,True,
loco_nbr,provenance_oracle,f1vzngrs,Batch_1,img08,f1vzngrs,0.2068965517,0.2068965517,0.5862068966,Batch_3,False,
loco_nbr,provenance_oracle,ffwubibz,Batch_1,img07,ffwubibz,0.1034482759,0.1034482759,0.7931034483,Batch_3,False,
loco_nbr,provenance_oracle,fzrt2k6r,Batch_1,img06,fzrt2k6r,0.1,0.6166666667,0.2833333333,Batch_2,False,
loco_nbr,provenance_oracle,iv6g2oq0,Batch_1,img10,iv6g2oq0,0.2,0.2333333333,0.5666666667,Batch_3,False,
loco_nbr,provenance_oracle,uhdslk0o,Batch_1,img13,uhdslk0o,0.2,0.2333333333,0.5666666667,Batch_3,False,
loco_nbr,provenance_oracle,3806gxp0,Batch_2,img02,3806gxp0,0.1166666667,0.6,0.2833333333,Batch_2,True,
loco_nbr,provenance_oracle,avn74qx1,Batch_2,img02,avn74qx1,0.1166666667,0.6,0.2833333333,Batch_2,True,
loco_nbr,provenance_oracle,b3esycq1,Batch_2,img06,b3esycq1,0.6166666667,0.1,0.2833333333,Batch_1,False,
loco_nbr,provenance_oracle,epqdaau9,Batch_2,img08,epqdaau9,0.2068965517,0.2068965517,0.5862068966,Batch_3,False,
loco_nbr,provenance_oracle,i9jiqjwl,Batch_2,img09,i9jiqjwl,0.1166666667,0.1,0.7833333333,Batch_3,False,
loco_nbr,provenance_oracle,r17byphk,Batch_2,img07,r17byphk,0.2142857143,0.2142857143,0.5714285714,Batch_3,False,
loco_nbr,provenance_oracle,rxax5ozo,Batch_2,img12,rxax5ozo,0.08045977011,0.06896551724,0.8505747126,Batch_3,False,
loco_nbr,provenance_oracle,0grcilhi,Batch_3,img01,0grcilhi,0.1206896552,0.1206896552,0.7586206897,Batch_3,True,
loco_nbr,provenance_oracle,71vgq3fw,Batch_3,img04,71vgq3fw,0.08045977011,0.08045977011,0.8390804598,Batch_3,True,
loco_nbr,provenance_oracle,9luzk4jm,Batch_3,img05,9luzk4jm,0.1206896552,0.1206896552,0.7586206897,Batch_3,True,
loco_nbr,provenance_oracle,cfe5vt7s,Batch_3,img07,cfe5vt7s,0.6206896552,0.1034482759,0.275862069,Batch_1,False,
loco_nbr,provenance_oracle,hawkfj64,Batch_3,img01,hawkfj64,0.25,0.25,0.5,Batch_3,True,
loco_nbr,provenance_oracle,hzumfsms,Batch_3,img05,hzumfsms,0.1206896552,0.1206896552,0.7586206897,Batch_3,True,
loco_nbr,provenance_oracle,kbdh4tri,Batch_3,img04,kbdh4tri,0.125,0.125,0.75,Batch_3,True,
loco_nbr,provenance_oracle,mgxahqnk,Batch_3,img01,mgxahqnk,0.1206896552,0.1206896552,0.7586206897,Batch_3,True,
loco_nbr,provenance_oracle,pl8uabbv,Batch_3,img09,pl8uabbv,0.1166666667,0.6166666667,0.2666666667,Batch_2,False,
loco_nbr,provenance_oracle,ptg8lmto,Batch_3,img11,ptg8lmto,0.1166666667,0.1166666667,0.7666666667,Batch_3,True,
loco_nbr,provenance_oracle,tuy3zymq,Batch_3,img04,tuy3zymq,0.125,0.125,0.75,Batch_3,True,
loco_nbr,provenance_oracle,ufdvpb81,Batch_3,img05,ufdvpb81,0.07777777778,0.07777777778,0.8444444444,Batch_3,True,
loco_nbr,provenance_oracle,utfgcjfa,Batch_3,img12,utfgcjfa,0.125,0.1071428571,0.7678571429,Batch_3,True,
loco_nbr,provenance_oracle,vc2whyaq,Batch_3,img12,vc2whyaq,0.08045977011,0.4137931034,0.5057471264,Batch_3,True,
loco_nbr,provenance_oracle,x77cy643,Batch_3,img12,x77cy643,0.125,0.625,0.25,Batch_2,False,
loco_nbr,provenance_oracle,x7u69zsw,Batch_3,img04,x7u69zsw,0.08045977011,0.08045977011,0.8390804598,Batch_3,True,
loco_nbr,provenance_oracle,xgj4xftb,Batch_3,img11,xgj4xftb,0.1166666667,0.1166666667,0.7666666667,Batch_3,True,
